category,question,option_a,option_b,option_c,correct,explanation
健康題,依據食品安全衛生管理法規定，哪一項食品標示不屬於強制標示範圍內?,品名,原產地(國),業者Line ID,C,食品強制標示項目包括：品名、內容物、食品添加物、有效日期、原產地、營養標示、廠商資訊等。業者Line ID屬私人聯絡方式，非法規強制標示項目。
健康題,下列哪一項食品最可能不含防腐劑？,醬油,罐頭,豆干,B,罐頭透過高溫高壓滅菌及真空密封保存，不需添加防腐劑。醬油、豆干等食品常添加防腐劑（如己二烯酸、苯甲酸）延長保存期限。
健康題,接觸過生雞蛋後要洗手，是為了避免下列何種細菌引起的食物中毒？,肉毒桿菌,仙人掌桿菌,沙門氏菌,C,生雞蛋殼表面常附著沙門氏菌，接觸後未洗手可能造成食物中毒，症狀為腹瀉、發燒、腹痛。肉毒桿菌存於罐頭，仙人掌桿菌存於米飯。
健康題,下列哪一個罐頭符合食品安全原則？,外觀凹陷,真空安全鈕浮起,外觀平滑,C,安全罐頭應外觀平滑完整，真空安全鈕下凹。外觀凹陷或安全鈕浮起表示密封不良、真空失效，可能滋生細菌（如肉毒桿菌），不可食用。
健康題,依據食品衛生管理法施行細則，下列哪一項食品添加物不必同時標示其功能性名稱?,著色劑,甜味劑,防腐劑,A,依法規，防腐劑、甜味劑、抗氧化劑需標示功能性名稱（如「防腐劑：己二烯酸」），以提醒消費者。著色劑僅需標示添加物名稱，無需標示「著色劑」字樣。
健康題,我們常喝的優酪乳是利用下面哪一種加工方式製成的？,高溫法,低溫法,發酵法,C,優酪乳由牛奶加入乳酸菌或比菲德氏菌，經發酵產生乳酸製成。發酵過程可分解乳糖，幫助乳糖不耐症者消化，並產生益生菌調節腸道。
健康題,26公克的糖換算為幾大卡?,26大卡,104大卡,130大卡,B,糖屬醣類，每公克提供4大卡熱量。26公克糖 × 4大卡/公克 = 104大卡。蛋白質每公克也是4大卡，脂肪每公克9大卡。
健康題,一般食品的營養標示中，不需要標示下列哪一個項目?,鈉,蛋白質,維生素,C,食品營養標示強制項目包括：熱量、蛋白質、脂肪、飽和脂肪、反式脂肪、碳水化合物、糖、鈉。維生素、礦物質非強制標示，業者可自願標示。
健康題,當誤食藥品或服藥過量，務必要保持冷靜並且要如何處理？,立即催吐,帶著藥品迅速就醫,趕快吃瀉藥,B,誤食藥品應帶著藥品包裝或藥袋立即就醫，讓醫師判斷處理方式。不可自行催吐（腐蝕性物質催吐會二度傷害食道）或吃瀉藥，以免加重傷害。
健康題,從診所看病完帶回來的藥物，如果忘記怎麼服用，該如何處理？,詢問家中長輩,查詢網路資料,詢問原診所的醫師或藥師,C,忘記服藥方式應詢問開立處方的醫師或調劑藥師，因為他們了解患者病情及用藥資訊。家中長輩或網路資訊可能不正確，影響療效或造成危險。
健康題,下列何項不屬於病歷？,護理紀錄,X光檢查報告,門診預約單,C,病歷包括：醫師診斷紀錄、護理紀錄、檢驗檢查報告（X光、抽血等）、手術紀錄、用藥紀錄等。門診預約單僅為行政排程文件，非病歷內容。
健康題,下列何者屬於侵入性醫療行為？,針灸,熱敷,推拿,A,侵入性醫療指穿刺皮膚或進入體腔的行為，如針灸、注射、手術、內視鏡等。熱敷、推拿屬非侵入性物理治療。侵入性醫療需由合格醫事人員執行。
健康題,下列哪項資料不需要由醫師開立？,診斷證明書,繳費證明書,出生證明書,B,診斷證明書、出生證明書、死亡證明書需由醫師開立。繳費證明書由醫療院所行政單位或健保局開立，證明醫療費用支付，無需醫師簽署。
健康題,有關藥品放置，下列哪一項作法不適合?,與食物一起保存,以避光避濕熱為原則,定期檢查是否過期,A,藥品應避光、避濕、避熱單獨保存，定期檢查效期。與食物一起保存可能誤食，或因冰箱濕氣導致藥品變質。大多數藥品室溫保存即可。
健康題,老周想知道國內不法藥物之形式，包含下列何項？,有核准字號,未經核准之藥品,依法標示,B,不法藥物包括：未經核准製造或輸入、標示不實、逾期、變質之藥品。合法藥品應有衛福部核准字號（如「衛部藥製字第○○號」）及完整標示。
健康題,請問戒菸的原理是降低身體對哪一種物質的需求量，並同時有效地改善戒斷症狀？,菸焦油,尼古丁,一氧化碳,B,尼古丁是造成菸癮的主要成分，戒菸藥物（如尼古丁貼片、口嚼錠）透過提供少量尼古丁，減緩戒斷症狀（焦慮、易怒、失眠），再逐漸減量達成戒菸。
健康題,吸菸後尼古丁進入血液循環7至10秒後，開始對身體哪一部位產生影響?,腦部,肺部,神經,A,尼古丁經肺吸收後快速進入血液，7-10秒即達腦部，刺激多巴胺分泌產生愉悅感，造成成癮。這也是為何吸菸容易上癮且難以戒除的原因。
健康題,小玖和阿茂在戒菸期間，要如何獲得更多菸害的相關資訊呢?,董氏基金會華文戒菸網站,戒菸門診詢問,以上皆是,C,戒菸資源包括：董氏基金會華文戒菸網站、戒菸門診、戒菸專線0800-636-363、衛福部國健署網站等，提供諮詢、藥物治療、行為輔導等協助。
健康題,菸害防制法新法(112.03.22施行)有關禁菸年齡的規定是幾歲？,下降為16歲,維持18歲,提高至20歲,C,2023年3月22日施行的菸害防制法新法，禁菸年齡由18歲提高至20歲，禁止供應菸品予未滿20歲者，違者罰1萬至25萬元。
健康題,暴露在菸品煙霧中會對下面哪些器官造成刺激？,呼吸系統,眼睛,呼吸器官和眼睛,C,"二手菸含7,000多種化學物質，會刺激呼吸系統（咳嗽、氣喘）及眼睛（流淚、紅癢）。長期暴露增加肺癌、心血管疾病、氣喘等風險。"
健康題,下列何者不是尼古丁的作用？,心跳加速,血壓上升,呼吸變慢,C,尼古丁刺激交感神經，造成心跳加速、血壓上升、血管收縮、呼吸加快。長期吸菸增加心血管疾病風險。呼吸變慢非尼古丁作用。
健康題,販賣菸品給未滿20歲的學生，店家會被罰多少錢？,2千~1萬元,5千到1萬元,1萬到25萬,C,依菸害防制法第13條，販賣菸品給未滿20歲者，處新台幣1萬元以上25萬元以下罰鍰。再次違規加重處罰至50萬元。
健康題,什麼時候要刷牙？,晚上睡覺前,吃完點心後,以上都要,C,每次進食後口腔細菌會分解食物殘渣產生酸性物質侵蝕牙齒，建議三餐飯後及睡前刷牙，每次至少2分鐘，並搭配牙線清潔牙縫。
健康題,用眼多久至少要休息10分鐘?,30分鐘,50分鐘,60分鐘,A,遵守「用眼30分鐘，休息10分鐘」原則，讓睫狀肌放鬆，預防近視惡化。休息時可遠眺6公尺以上或閉眼休息，避免持續近距離用眼。
健康題,散光的主要原因是什麼不規則?,腦袋,睫狀肌,眼角膜弧度不規則,C,散光因眼角膜或水晶體表面弧度不規則，導致光線無法聚焦於同一點，影像模糊或重疊。多數散光為先天性，可配戴眼鏡或隱形眼鏡矯正。
健康題,小花看到鏡中自己的咖啡色眼珠，請問眼睛哪個構造能決定眼珠顏 色？,水晶體,瞳孔,虹膜,C,虹膜含色素細胞，決定眼睛顏色（黑、棕、藍、綠等）。虹膜中央為瞳孔（黑色圓孔），控制進入眼球的光線量。水晶體為透明組織負責聚焦。
健康題,母乳中熱量的主要來源？,蛋白質,脂肪,乳糖,B,母乳中脂肪約佔3-5%，提供50%以上熱量，且含DHA、AA等必需脂肪酸，幫助嬰兒腦部及視力發育。蛋白質及乳糖也提供熱量但比例較低。
健康題,高度近視的學生，相較於一般學生容易有什麼眼部疾病？,黃斑部病變,散光,近視,A,高度近視（度數>600度）眼軸拉長，視網膜變薄，增加黃斑部病變、視網膜剝離、青光眼、白內障等併發症風險，嚴重可致失明。應定期眼科檢查。
健康題,以下何者不是流感的特性？,爆發流行快速,會遺傳給子孫,可能出現嚴重併發症,B,流感為病毒感染，透過飛沫傳播，爆發流行快速，可能併發肺炎、腦炎、心肌炎等嚴重併發症。流感不會遺傳，但易感染未接種疫苗者。
健康題,下列何者不是感染流感病毒後可能會出現的症狀？,咳嗽,紅疹,發燒,B,流感症狀包括：突發高燒（38°C以上）、咳嗽、喉嚨痛、肌肉痠痛、頭痛、疲倦。紅疹非流感症狀，可能是其他病毒感染（如麻疹、德國麻疹）。
健康題,下列哪一個職業是感染新型A型流感的主要高風險族群?,便利商店人員,禽畜業工作者,遊樂園工作人員,B,新型A型流感（如H5N1、H7N9）多由禽類傳染給人類，禽畜業工作者因頻繁接觸家禽家畜，是主要高風險族群。建議穿戴防護裝備、勤洗手、接種疫苗。
健康題,流感疫苗建議每隔多久接種一次?,半年,1年,2年,B,流感病毒變異快速，每年流行株不同，流感疫苗需每年接種一次以獲得最佳保護力。建議於每年10月流感季前完成接種，保護效期約1年。
健康題,接種COVID-19疫苗與其他非 COVID-19疫苗要間隔多久?,不須間隔,28天,84天,A,依據最新指引，COVID-19疫苗與其他疫苗（如流感疫苗、肺炎鏈球菌疫苗）可同時接種或不須間隔，但建議分開不同手臂接種以利副作用監測。
健康題,以下何者是小兒麻痺症的致病原？,細菌,病毒,黴菌,B,小兒麻痺症由小兒麻痺病毒（Poliovirus）引起，屬腸病毒科，經口傳染。可能造成永久性肢體麻痺。台灣透過疫苗接種已根除小兒麻痺症。
健康題,肺結核最常見的診斷方法為何?,檢驗尿液,檢驗血液,檢驗胸部X光,C,肺結核最常用診斷方法為胸部X光檢查，可發現肺部病灶。確診需搭配痰液檢查（痰塗片、痰培養）找出結核桿菌。尿液、血液檢查較少用於肺結核診斷。
健康題,結核桿菌喜好棲息於人體哪個器官?,指甲,肺部,關節,B,結核桿菌為需氧菌，喜好棲息於含氧量高的肺部（尤其肺尖），造成肺結核。約90%結核病為肺結核。少數可侵犯其他器官（淋巴結、骨骼、腦膜）。
健康題,世界愛滋病日為每年的幾月幾日?,12月1日,12月2日,12月11日,A,世界衛生組織訂定每年12月1日為世界愛滋病日（World AIDS Day），目的為提高愛滋病防治意識、關懷感染者、消除歧視。紅絲帶為愛滋病防治象徵標誌。
健康題,生活環境勤消毒可預防傳染病，可使用下列何者來消毒環境?,過濾水,漂白水,蒸餾水,B,漂白水（次氯酸鈉溶液）為有效環境消毒劑，可殺滅細菌、病毒（如腸病毒、流感病毒、COVID-19）。使用時需稀釋（一般環境100倍稀釋），保持通風。過濾水、蒸餾水無消毒效果。
健康題,下列何種飲食料理方式較能遠離大腸癌?,清蒸,油炸,煙燻,A,清蒸烹調溫度低、不產生致癌物質，為健康烹調方式。油炸、煙燻、燒烤等高溫烹調會產生多環芳香烴、雜環胺等致癌物，增加大腸癌風險。建議多吃蔬果、少吃紅肉。
健康題,高血脂是指血液中哪一種物質增加？,血糖,三酸甘油脂,血栓,B,高血脂指血液中脂質（三酸甘油脂、膽固醇）濃度過高。三酸甘油脂是高血脂主要指標，過高會增加心血管疾病、胰臟炎風險。血糖升高為糖尿病，血栓為凝血塊。
健康題,監測飯後兩小時的血糖，飯後的時間切點是由何時算起?,開始進食,進食1小時後,進食2小時後,A,飯後2小時血糖測量時間點，從「開始進食第一口」算起2小時後測量，非從用餐結束算起。正常飯後2小時血糖應<140 mg/dL，糖尿病患者應<180 mg/dL。
健康題,糖尿病的發生是因為下列哪一個器官無法正常製造胰島素？,肝臟,胰臟,腎臟,B,胰臟內的胰島β細胞負責分泌胰島素，調節血糖。第1型糖尿病為β細胞被破壞無法產生胰島素，第2型糖尿病為胰島素阻抗或分泌不足。肝臟負責糖代謝，腎臟負責排泄。
健康題,請問常吃檳榔、吸菸、酗酒的族群.可能容易產生下列何者癌症？,口腔癌,肝癌,胰臟癌,A,檳榔、菸、酒為口腔癌三大危險因子，三者併用會大幅增加口腔癌風險（超過百倍）。檳榔含致癌物質，菸酒加乘致癌效果。建議定期口腔黏膜檢查，早期發現早期治療。
健康題,下列何者疾病與腦中風無關?,高血壓,心臟病,青光眼,C,腦中風危險因子包括：高血壓、心臟病（心律不整、瓣膜疾病）、糖尿病、高血脂、抽菸等。青光眼為眼壓過高造成視神經損傷的眼科疾病，與腦中風無關。
健康題,何者是低血糖的症狀?,心痛、手麻,出汗、饑餓,虛弱、睡不著,B,低血糖（血糖<70 mg/dL）症狀包括：出汗、發抖、心悸、饑餓感、頭暈、無力。嚴重可能意識不清、昏迷。應立即補充含糖食物（果汁、糖果）。心痛手麻為心臟問題症狀。
健康題,糖尿病患者需定期做眼底病變的檢查，主要是檢查眼睛的哪一部分?,眼瞼,視網膜,瞳孔,B,糖尿病眼底檢查主要檢查視網膜，因長期高血糖會損傷視網膜微血管，造成糖尿病視網膜病變（出血、滲出、新生血管），嚴重可致失明。建議每年定期檢查。
健康題,當出現口齒不清、單側手腳無力、暈眩等症狀時，最可能是罹患哪一種疾病?,腦中風,心臟病,失智症,A,口齒不清、單側肢體無力、臉歪嘴斜、暈眩、劇烈頭痛為腦中風典型症狀。記住「FAST口訣」：臉歪、手軟、說話不清楚、搶時間送醫。把握黃金3小時治療時間。
健康題,糖尿病飲食建議攝取低GI飲食，下列何者是低GI食物？,葡萄柚果汁,稀飯,五穀飯,C,低GI（升糖指數）食物消化吸收慢，血糖上升緩和。五穀飯富含纖維，GI值約55，為低GI食物。稀飯、白飯、麵包屬高GI食物，會快速升高血糖，糖尿病患者應避免。
健康題,到特約醫療機構就醫時，應攜帶何種證件？,信用卡,身分證,健保IC卡,C,至健保特約醫療院所就醫，應攜帶健保IC卡。健保IC卡記錄就醫紀錄、用藥資訊、過敏史等，幫助醫師診療。首次就醫或補發卡需出示身分證件。
健康題,於診所就醫時，我們要付的費用不包括下列何者？,掛號費,門診部分負擔,指定醫師費用,C,診所就醫需支付掛號費及門診部分負擔（依層級50-420元不等）。「指定醫師費」僅在醫院層級可收取，診所不得收取。若有違規可向健保署檢舉。
健康題,小珍些微打噴嚏、咳嗽、流鼻水，下列何者是最好的處理方式?,在家休息，並到診所就醫,拿爸爸的感冒藥來吃,掛急診,A,輕微感冒症狀應在家休息、多喝水，至基層診所就醫即可。不可服用他人藥物（藥物因人而異，可能副作用或交互作用）。急診用於緊急危急病況，非輕症使用。
健康題,已辦理出國停保者，於返國復保後應屆滿多久，始得再次辦理停保？,1個月,3個月,6個月,B,依全民健保法規定，出國停保返國復保後，需滿3個月才能再次辦理停保，避免民眾利用停保規避保費。出國6個月以上可辦理停保，但仍需負擔最多2年保費。
健康題,站在父母的立場，嘗試瞭解他們的感受，這樣叫做什麼呢？,同情,同理,憐憫,B,同理心（Empathy）是站在對方立場思考、理解對方感受的能力。同情（Sympathy）是對他人遭遇感到難過，憐憫帶有上對下的可憐意涵。同理心有助溝通、建立關係。
健康題,下列何者可能是注意力不足過動症 (ADHD)孩童的行為表現？,安靜地坐在位置上,對於任務或作業能細心完成,經常處於活躍的狀態,C,ADHD（注意力不足過動症）主要症狀為注意力不集中、過動、衝動。孩童表現為坐不住、經常活躍、難以專心完成作業、易分心。需由醫師診斷，可透過行為治療及藥物改善。
健康題,113保護專線可以協助處理的事件有哪些呢？,性騷擾,家庭暴力,以上皆是,C,113保護專線提供24小時免費諮詢服務，處理家庭暴力、性侵害、性騷擾、兒少保護等案件，提供緊急救援、庇護安置、法律諮詢等協助。任何人皆可撥打求助。
健康題,下列何者是與精神病人相處的正確態度?,裝作不認識,耐心傾聽,躲避,B,與精神疾病患者相處應以尊重、接納、耐心傾聽的態度，不歧視、不迴避。精神疾病可透過治療控制，多數患者無暴力傾向。社會支持有助患者康復及社會適應。
健康題,我們要向哪一個機構申請家庭暴力的保護令呢?,警察局,法院,家防中心,B,家庭暴力保護令需向地方法院聲請，分為通常保護令、暫時保護令、緊急保護令。警察局可協助聲請緊急保護令，家防中心提供諮詢及社會資源，但核發保護令為法院職權。
健康題,請問「世界自殺防治日」是每年的幾月幾號？,9月10日,3月29日,10月10日,A,國際自殺防治協會訂定每年9月10日為世界自殺防治日，呼籲重視心理健康、預防自殺。台灣自殺防治專線1925（依舊愛我）提供24小時免費諮詢。10月10日為世界精神衛生日。
健康題,下列何者為冰敷袋的使用目的？,促進血液循環,止痛,避免患者中暑,B,冰敷可收縮血管、減緩血流、降低發炎反應，達到止痛、消腫效果。適用於急性扭傷、挫傷、發炎。每次冰敷15-20分鐘，間隔1小時。熱敷才能促進血液循環，用於慢性疼痛。
健康題,流鼻血時，首先應採取什麼姿勢？,把頭向前傾,把頭往後仰,平視,A,流鼻血應坐直、頭微向前傾，用手指捏緊鼻翼5-10分鐘止血。頭往後仰會讓血液倒流吞入，刺激胃部引發嘔吐，甚至嗆入氣管。若持續出血超過30分鐘應就醫。
健康題,身體因缺氧而最先死亡的細胞是？,腦,肺,趾和手指,A,腦細胞對缺氧最敏感，血液循環停止後4-6分鐘即開始不可逆損傷。肺及趾手指對缺氧耐受性較高。這也是為何心跳停止時需立即CPR，把握黃金4分鐘。
健康題,協助清醒者排除呼吸道異物哽塞的處理方法叫做?,心肺復甦術,哈姆立克法,高級救命術,B,哈姆立克法（Heimlich Maneuver）是處理清醒者呼吸道異物哽塞的標準方法，透過腹部快速推擠產生氣流將異物排出。心肺復甦術用於心跳停止，高級救命術需專業人員執行。
健康題,撥打119求救，應告知下列何種資訊？,患者穿幾件衣服,患者的地點,患者飲食習慣,B,撥打119最重要的是告知「地點」，讓救護車能快速抵達。其次應說明患者狀況、聯絡電話。患者穿著及飲食習慣非緊急必要資訊。
健康題,人腦在血液循環停止幾分鐘後，會因為缺氧而造成損傷?,4分鐘,6分鐘,8分鐘,A,腦細胞在血液循環停止4分鐘後開始不可逆損傷，超過10分鐘幾乎無法恢復。因此心跳停止時應立即CPR，把握黃金4分鐘搶救時間。
健康題,適度曬太陽有助於人體合成何種物質?,維生素A,鉀,維生素D,C,陽光中的紫外線UVB照射皮膚，促進體內合成維生素D，有助鈣質吸收、骨骼健康。建議每週2-3次，每次10-15分鐘日曬。維生素A由食物攝取，鉀為礦物質不需日曬合成。
健康題,不吃早餐有什麼影響？,體重控制,提高專注力,上課上班易昏睡,C,不吃早餐導致血糖過低，大腦缺乏能量，容易昏睡、注意力不集中、學習效率下降。長期不吃早餐反而容易肥胖，因中午會過度進食。
健康題,下列哪一種營養素無法提供熱量?,醣類,蛋白質,礦物質,C,三大營養素（醣類、蛋白質、脂肪）可提供熱量，醣類及蛋白質每公克4大卡，脂肪每公克9大卡。礦物質、維生素、水雖為必需營養素，但不提供熱量。
健康題,請問下列哪一項食物有助於調節腸道功能？,綠茶,優酪乳,豬大腸,B,優酪乳含益生菌（如乳酸菌、比菲德氏菌），可調節腸道菌叢平衡，促進腸道蠕動，改善便秘。綠茶含抗氧化物但無益生菌，豬大腸為高膽固醇食物。
健康題,下列有哪一種疾病的人不適合喝檸檬水?,高血壓,胃食道逆流,高血脂,B,檸檬水屬酸性，會刺激胃酸分泌，加重胃食道逆流症狀（火燒心、胃酸上湧）。高血壓、高血脂患者可適量飲用檸檬水，但胃食道逆流、胃潰瘍患者應避免。
健康題,少吃高油、高糖和高鈉的食物，可以降低罹患哪一種疾病的風險？,腸病毒,破傷風,肥胖及代謝症候群,C,高油、高糖、高鈉飲食是肥胖及代謝症候群（高血壓、高血糖、高血脂、腹部肥胖）的主要危險因子。腸病毒為病毒感染，破傷風為細菌感染，皆與飲食無關。
健康題,六大類食物中的哪一類食物要吃最少？,油脂與堅果種子類,奶類,全榖根莖類,A,依國民飲食指南，六大類食物攝取量由多到少為：全榖根莖類>蔬菜類>豆魚蛋肉類>水果類>奶類>油脂與堅果種子類。油脂熱量高（每公克9大卡），應適量攝取。
健康題,暖身運動不足時，容易導致哪一個部位受傷害？,心臟,肺臟,肌肉,C,暖身運動可提高肌肉溫度、增加血流、提升柔軟度。若暖身不足，肌肉僵硬，運動時容易拉傷、扭傷、抽筋。建議運動前暖身5-10分鐘。
健康題,稻穀碾去穀殼後會變成哪一種米?,糙米,胚芽米,精製白米,A,稻穀去殼後為糙米（保留米糠層及胚芽，富含纖維、維生素B群）。糙米再去除米糠層部分為胚芽米，完全去除米糠層及胚芽為精製白米（口感佳但營養流失）。
健康題,下列何者物質常用於治療癌症疼痛？,嗎啡,LSD,MDMA,A,嗎啡為鴉片類止痛劑，醫療上用於治療癌症等嚴重疼痛，由醫師處方使用屬合法。LSD為迷幻藥、MDMA為搖頭丸，皆屬非法毒品無醫療用途。
健康題,未經醫師指示，長期使用成癮藥物會傷害身體哪一個系統？,中樞神經系統,副交感神經系統,交感神經系統,A,成癮藥物（如海洛因、安非他命、K他命）主要傷害中樞神經系統（腦部及脊髓），造成記憶力衰退、判斷力下降、情緒障礙，嚴重可致精神病或死亡。
健康題,以靜脈注射方式施用毒品，且有共用針具的情形，會提高何種疾病的感染機率？,愛滋病,A型肝炎,鼻過敏,A,共用針具注射毒品，血液接觸會傳染愛滋病（HIV）、B型肝炎、C型肝炎等血液傳染病。A型肝炎為糞口傳染，鼻過敏非傳染病。
健康題,戒毒成功專線的服務時間為何？,24小時,早上8點至晚上5點,早上9點至晚上6點,A,戒毒成功專線0800-770-885（請請您 幫幫我）提供24小時免費諮詢服務，協助藥癮者戒毒、轉介醫療及社會資源，任何時間皆可撥打求助。
健康題,海洛因、鴉片、嗎啡是由何種植物中提煉而出？,川七,罌粟,依托咪酯,B,海洛因、鴉片、嗎啡皆由罌粟（Papaver somniferum）果實提煉而出，屬鴉片類毒品。罌粟種植、製造、販賣皆違法，僅醫療用嗎啡由政府管制。
健康題,如果發現有人神情恍惚、身上有燃燒塑膠的味道，可能是使用下列何種毒品?,海洛因,古柯鹼,K他命,C,K他命（Ketamine）俗稱K粉，常以加熱吸食方式使用，會產生燃燒塑膠味。使用後出現神情恍惚、動作遲緩、解離症狀。海洛因多注射或吸食，古柯鹼為粉末吸入。
健康題,染上毒癮患者，若不持續施用毒品就會有心理與生理上的不適，這現象稱為什麼?,類感冒症狀,渴望症狀,戒斷症狀,C,戒斷症狀指停止使用成癮物質後，出現的生理及心理不適（如焦慮、盜汗、顫抖、失眠、幻覺），驅使患者繼續用藥。這是藥物成癮的核心特徵。
健康題,中藥早上還晚上吃比較好？,早上,晚上,遵醫囑服用,C,中藥服用時間依藥性、病情、體質而異，應遵醫囑服用。一般補藥飯前服、腸胃藥飯後服、安神藥睡前服。自行決定服藥時間可能影響療效或產生副作用。
健康題,遵守抗生素的三不原則，下列何者為非？,不主動要求,不隨便停藥,視情況不服用,C,抗生素三不政策為：不主動要求、不隨便停藥、不任意使用他人抗生素。「視情況不服用」違反「不隨便停藥」原則，可能導致抗藥性細菌產生，應完整療程服用。
健康題,律師阿武因工作壓力大，目前服用安眠藥，他應該注意的事項，何者為非？,服藥後立刻上床睡覺,避免服藥前喝酒或進食,服藥後可以開車外出,C,安眠藥會影響意識、反應力、協調性，服藥後絕對不可開車、操作機械或從事危險活動。應服藥後立刻上床，避免跌倒。服藥前避免飲酒（加重鎮靜作用）。
健康題,藥品取得方式不需處方箋，經醫 師、藥師、藥劑生指導於藥局購買者為何？,處方藥,成藥,指示藥,C,指示藥需經醫師、藥師、藥劑生指導後於藥局購買，無需處方箋。處方藥需醫師處方箋。成藥可自行於藥局購買無需專業人員指導。藥品分級：處方藥>指示藥>成藥。
健康題,可自行於合法藥局依適應症選購之藥品為何？,處方藥,成藥,指示藥,B,成藥安全性高、作用溫和，可自行於藥局依適應症選購，如綜合感冒藥、腸胃藥。處方藥需醫師處方，指示藥需專業人員指導。購買成藥仍應詳閱說明書。
健康題,藥品優良製造規範英文縮寫為何？,CAS,WTO,GMP,C,GMP（Good Manufacturing Practice）為藥品優良製造規範，確保藥品品質、安全、有效。CAS為優良農產品標章，WTO為世界貿易組織。購買藥品應認明GMP標章。
健康題,領藥的藥袋或是藥品名細上不應有的標示為?,調劑日期,醫生姓名,民眾手機號碼,C,藥袋應標示：患者姓名、藥品名稱、用法用量、調劑日期、醫師姓名、藥局資訊等。手機號碼屬個人隱私資訊，非藥袋必要標示項目，且可能洩漏個資。
環保題,根據《空氣污染防制法》，固定污染源排放空氣污染物，應符合何種標準？,排放標準,廢棄物標準,噪音標準,A,依空氣污染防制法第20條，固定污染源排放空氣污染物，應符合「排放標準」(Emission Standards)。排放標準由中央主管機關依據空氣品質標準、空氣污染物特性等訂定，規定了污染物排放的濃度或總量限值。事業廢棄物或一般廢棄物是廢棄物清理法的分類，與空氣污染排放標準不同。
環保題,何者為《溫室氣體減量及管理法》所定義的溫室氣體？,二氧化碳(CO2),臭氧(O3),懸浮微粒(PM2.5),A,依《溫室氣體減量及管理法》第3條，所定義的溫室氣體包括：二氧化碳(CO2)、甲烷(CH4)、氧化亞氮(N2O)、氫氟碳化物(HFCs)、全氟碳化物(PFCs)、六氟化硫(SF6)及其他經中央主管機關公告者。臭氧及懸浮微粒雖為空氣污染物，但非此法定義的溫室氣體。
環保題,生命週期評估(LCA)的四個主要階段，不包括下列何者？,衝擊評估,市場分析,目標與範圍界定,B,依據ISO 14040標準，生命週期評估(LCA)包含四個主要階段：(1)目標與範圍界定(Goal and Scope Definition)、(2)盤查分析(Inventory Analysis
環保題,碳足跡的計算範疇中，Scope 2指的是？,運輸、廢棄物處理等其他間接排放,外購電力熱或蒸氣之間接排放,組織直接擁有或控制之排放源產生之排放,B,依ISO 14064-1:2018及溫室氣體盤查議定書(GHG Protocol)，溫室氣體排放分為三個範疇：Scope 1（範疇一）為組織擁有或控制之排放源所產生之直接溫室氣體排放；Scope 2（範疇二）為外購電力、熱或蒸氣所產生之能源間接排放；Scope 3（範疇三）為其他間接排放，如員工通勤、商務旅行、運輸配送、廢棄物處理等。本題正確答案為Scope 2定義。選項A為Scope 1，選項C為Scope 3，需明確區分三個範疇之差異。
環保題,循環經濟的3R原則，不包括下列何者？,Reduce(減量),Remove(移除),Reuse(再使用),B,循環經濟的3R原則為：Reduce(減量)、Reuse(再使用)、Recycle(回收再利用)。因此，選項B「Remove(移除)」不包括在內。
環保題,依《廢棄物清理法》，事業產出之廢棄物，應由何者負起主要清理責任？,委託之清除處理機構,地方環保局,廢棄物產生者,C,廢棄物清理法第28條規定：「事業廢棄物之清理，除再利用方式外，應以下列方式為之：一、自行清除、處理。二、共同清除、處理。三、委託清除、處理。四、境外處理。」同法第31條明定「事業廢棄物之清理，事業應依本法規定負清理責任。」即採「產生者負責原則」(Generator Responsibility)，廢棄物產生者為清理責任主體，即使委託他人清理，法律責任仍由產生者承擔。選項B地方環保局為主管機關負監督查核責任，選項C委託清除處理機構雖實際執行，但最終法律責任仍歸屬產生者。
環保題,何種水質指標常用於評估水體中有機物污染的程度？,溶氧量(DO),生化需氧量(BOD),化學需氧量(COD),B,"生化需氧量(Biochemical Oxygen Demand, BOD)為評估水體有機污染程度之重要指標，係指水中有機物質被微生物分解時所需消耗之溶氧量，單位為mg/L。BOD值越高，表示水中有機污染物越多，微生物分解過程消耗大量溶氧，可能導致水中溶氧不足，影響水生生物生存。依水污染防治法施行細則，BOD為放流水標準之重要管制項目。選項A「化學需氧量(COD)」雖亦為有機污染指標，但採化學氧化方式，與BOD之生物分解原理不同。選項C「溶氧量(DO)」為水中溶解氧濃度，與BOD相關但為不同參數。"
環保題,環境影響評估(EIA)的主要目的為何？,預先評估開發行為對環境造成之影響,監測已開發場所之環境品質變化,評估環境污染事件之損害賠償金額,A,環境影響評估法第4條規定：「本法所稱環境影響評估，指開發行為或政府政策對環境包括生活環境、自然環境、社會環境及經濟、文化、生態等可能影響之程度及範圍，事前以科學、客觀、綜合之調查、預測、分析及評定，提出環境管理計畫，並公開說明及審查。」環評制度採「預防原則」，強調在開發行為實施前進行評估，而非事後監測或補救。選項B為環境監測工作，屬開發後之追蹤管理；選項C為環境污染損害評估，與開發前評估性質不同。
環保題,何者為「巴賽爾公約」主要管制的對象？,提高廢棄物焚化處理比例,增加廢棄物掩埋場容量,減少廢棄物產生量,C,巴賽爾公約（Basel Convention on the Control of Transboundary Movements of Hazardous Wastes and their Disposal）於1989年通過，主要管制有害廢棄物的越境轉移。目的為防止已開發國家將有害廢棄物傾倒至開發中國家，確保有害廢棄物以環境友善方式處理。我國於1989年簽署，2018年立法院批准加入。
環保題,土壤液化(Soil Liquefaction)最常發生於何種地質條件？,堅硬的岩盤地層,飽和砂土或粉土,乾燥緊實的黏土層,B,土壤液化(Soil Liquefaction)係指飽和砂質土壤或粉土在地震等動態載重作用下，孔隙水壓急遽上升導致有效應力降低，土壤顆粒間喪失接觸強度，使原本固態土壤呈現液態化現象。依據經濟部中央地質調查所資料，最容易發生液化之土層條件包括：(1)土壤為疏鬆且飽和之砂土或粉土；(2)地下水位較高（距地表10公尺內）；(3)土層深度在地表下20公尺內。選項B岩盤地層堅硬緻密不易液化；選項C黏土因顆粒細小具黏聚性，較砂土不易液化。飽和疏鬆砂土層為液化高風險區，需進行土壤液化潛勢評估與改良。
環保題,何者不是「綠建築」評估系統(EEWH)的九大指標之一？,綠化量指標,綠色建材使用指標,建築能源效率指標,A,我國綠建築標章EEWH評估系統包含九大指標：(1)生物多樣性、(2)綠化量、(3)基地保水、(4)日常節能、(5)CO2減量、(6)廢棄物減量、(7)室內環境、(8)水資源、(9)污水垃圾改善。其中「綠化量指標」評估建築基地之植栽綠化程度，透過計算喬木、灌木、草皮等綠化覆蓋面積，以提升環境品質與生態效益。選項A「建築能源效率指標」雖與節能相關，但非九大指標正式名稱（應為「日常節能指標」）；選項B「綠色建材使用指標」並非九大指標之一，綠建材屬於內政部另訂之評估項目。
環保題,「蒙特婁議定書」的簽訂，主要是為了保護地球的哪個部分？,臭氧層,生物多樣性,全球暖化,A,蒙特婁議定書（Montreal Protocol）於1987年簽訂，主要目的為保護地球「臭氧層」，透過削減、禁止使用會破壞臭氧層的化學物質（如氟氯碳化物CFCs）來達成。臭氧層能吸收大部分有害的紫外線，保護地球上的生命。
環保題,依《水污染防治法》，事業廢水排入地面水體，應取得何種許可？,環保署核准函,事業許可證,海關進出口許可文件,B,依水污染防治法第14條，事業廢水排入地面水體（河川、湖泊、海洋等），應向地方主管機關申請核發排放許可證或簡易排放許可文件。排放許可證應載明廢水性質、排放量、排放水質標準等，並定期申報水質水量。選項B「事業許可證」為正確答案，指的是專門針對廢水排放的許可證（實務上稱為「排放許可證」）。違反者可處新臺幣6萬元以上60萬元以下罰鍰。
環保題,何謂「優養化」(Eutrophication)？,水體中營養過多，使藻類過度生長,水體酸鹼值失衡造成生態系統改變,水體溶氧量過高導致生物過度繁殖,A,優養化（Eutrophication）又稱富營養化，係指水體中氮、磷等營養鹽類過量累積，導致藻類及浮游生物大量繁殖之現象。正確答案A「水體中營養過多，使藻類過度生長」準確描述此現象。優養化會造成水體透明度降低、溶氧量下降，嚴重時形成「藻華」（淡水）或「赤潮」（海水），導致魚類及水生生物死亡。主要污染源包括農業肥料流失、家庭污水中之清潔劑、畜牧廢水等。
環保題,在噪音管制中，使用分貝(dB)作為單位，此單位尺度為何？,聲音傳播速度,聲音頻率,聲音強度,C,"分貝（decibel, dB）為聲音強度（響度）之單位，採用對數尺度表示聲壓位準。正確答案C「聲音強度」為分貝所測量的物理量。依噪音管制法施行細則，環境音量以A加權音壓級dB(A)表示。人耳可承受之音量範圍約0-140 dB(A)，超過85 dB(A)長時間暴露可能損害聽力。噪音管制標準依不同時段及區域分類訂定。"
環保題,何者為台灣主要的空氣污染物PM2.5的定義？,粒徑介於2.5至10微米之懸浮微粒,粒徑小於或等於2.5微米之細懸浮微粒,濃度超過每立方公尺2.5微克之污染物,B,PM2.5（細懸浮微粒）係指粒徑小於或等於2.5微米（μm）之懸浮微粒，約為頭髮直徑的1/28。正確答案B「粒徑小於或等於2.5微米之細懸浮微粒」為準確定義。依空氣品質標準，PM2.5日平均值不得超過35 μg/m³，年平均值不得超過15 μg/m³。PM2.5因粒徑細小，可穿透肺泡進入血液循環系統，對人體健康危害甚於PM10（粒徑≤10μm）。
環保題,「京都議定書」是針對哪一項全球環境議題所制定的國際公約？,溫室氣體排放,森林碳匯吸收量,再生能源使用比例,A,京都議定書（Kyoto Protocol）於1997年通過，規範已開發國家於2008-2012年間，溫室氣體排放量較1990年基準減少平均5.2%。正確答案A「溫室氣體排放」為議定書針對的全球環境議題。議定書管制六種溫室氣體：二氧化碳(CO2)、甲烷(CH4)、氧化亞氮(N2O)、氫氟碳化物(HFCs)、全氟碳化物(PFCs)、六氟化硫(SF6)。
環保題,依《毒性及關注化學物質管理法》，化學物質的危害性評估不包括下列何者？,危害物質濃度管制標準,環境風險等級評估,毒性物質分級,C,依毒性及關注化學物質管理法，化學物質危害性評估包括：(1)物理化學特性評估（如沸點、蒸氣壓、溶解度）、(2)毒理特性評估（急性毒性、慢性毒性、致癌性）、(3)暴露評估（人體或環境暴露途徑及劑量）、(4)風險特徵描述。正確答案C「毒性物質分級」是評估「結果」的分類方式（第1-4類毒化物），而非評估「內容」本身。
環保題,何種再生能源發電方式，在發電過程中幾乎不產生任何溫室氣體？,少量二氧化碳排放,無溫室氣體排放,產生甲烷等溫室氣體,B,太陽能光電發電屬於再生能源，發電過程中不燃燒化石燃料，因此正確答案B「無溫室氣體排放」準確描述發電階段特性。雖然太陽能板製造、運輸、安裝等生命週期過程會產生碳排放，但在發電階段為零排放。依再生能源發展條例，推廣太陽能等再生能源為我國能源轉型及溫室氣體減量之重要策略。
環保題,何謂「熱島效應」(Urban Heat Island Effect)？,都市地區氣溫高於郊區現象,海島型氣候導致都市悶熱潮濕,都市工業區溫度異常升高之狀況,A,都市熱島效應（Urban Heat Island Effect）係指都市地區因建築物密集、柏油路面、人為熱排放等因素，導致都市氣溫顯著高於周圍郊區之現象。正確答案A「都市地區氣溫高於郊區現象」準確描述此效應。研究顯示都市核心區可較郊區高出3-5°C。改善措施包括增加都市綠化、設置透水鋪面、建築物屋頂綠化、提升通風廊道等。
環保題,何者是聯合國發布的《2030永續發展目標》(SDGs)的目標總數？,15個,20個,17個,C,"聯合國於2015年宣布「2030永續發展目標」(Sustainable Development Goals, SDGs)，包含17項核心目標、169項細項目標及230項指標。正確答案C「17個」為目標總數。17項目標涵蓋消除貧窮、消除飢餓、健康與福祉、優質教育、性別平等、潔淨水資源、可負擔能源、就業與經濟成長等面向。"
環保題,在廢棄物管理中，焚化爐底渣經過適當處理後，可再利用於何處？,道路級配料,直接掩埋,農地改良,A,焚化爐底渣經適當處理後，可再利用於道路級配料、基地填築、路堤填築、控制性低強度回填材料(CLSM)、或作為水泥及瀝青混凝土之原料等。其再利用需符合環保署「垃圾焚化廠焚化底渣再利用管理方式」的規定，確保無污染之虞。
環保題,何謂「環境荷爾蒙」？,會干擾生物體內分泌系統並造成生殖或發育異常之化學物質,環境中促進植物生長之天然荷爾蒙物質,生物體自然分泌調節環境適應能力之激素,A,"環境賀爾蒙（Environmental Hormone）又稱內分泌干擾物質（Endocrine Disrupting Chemicals, EDCs），係指外因性干擾生物體內分泌系統，造成生殖、發育、行為或免疫功能異常之化學物質。正確答案A「會干擾生物體內分泌系統並造成生殖或發育異常之化學物質」準確定義環境賀爾蒙。常見環境賀爾蒙包括戴奧辛、多氯聯苯(PCBs)、DDT、塑化劑等。"
環保題,依據《生物多樣性公約》，下列何者是其三大主要目標之一？,臭氧層,生物多樣性,全球暖化,A,
環保題,海洋中的塑膠微粒(Microplastics)主要來源不包括下列何者？,海洋生物排泄物含有塑膠成分,大型塑膠廢棄物經陽光照射風化分解,海水化學反應自然生成塑膠微粒,B,海洋微塑膠（Microplastics）係指粒徑小於5毫米之塑膠碎片，依來源分為初級微塑膠（Primary）與次級微塑膠（Secondary）。正確答案B「海水化學反應自然生成塑膠微粒」是錯誤的，因為塑膠為人造高分子聚合物，無法由海水自然產生。微塑膠主要來源為：初級微塑膠（人工製造的微小塑膠，如化妝品中的塑膠柔珠）與次級微塑膠（大型塑膠製品經陽光、海浪分解而成）。
環保題,依據《土壤及地下水污染整治法》，何者為土壤污染監測基準的用途？,判斷是否遭受污染的初步標準,罰款的依據,劃定為整治場址的標準,A,依《土壤及地下水污染整治法》，「土壤污染監測基準」是用於判斷土壤品質是否遭受污染的初步標準。當土壤中污染物的濃度「超過」監測基準時，代表土壤品質有受污染之虞，主管機關需進行後續調查、確認。它是一個預警及啟動調查的依據，而非直接罰款或劃定為整治場址的標準。
環保題,何種廢棄物處理技術是利用高溫將廢棄物轉化為合成氣(Syngas)，可進一步用於發電或化工原料？,電漿法(Plasma),熱裂解法(Pyrolysis),氣化法(Gasification),C,氣化法（Gasification）為廢棄物熱處理技術，在高溫（700-1000°C）缺氧環境下，將有機廢棄物轉化為合成氣（Syngas），主要成分為一氧化碳(CO)及氫氣(H2)，可進一步用於發電或化工原料。正確答案C「氣化法(Gasification)」即為此技術。相較於焚化，氣化法產生之戴奧辛及有害物質較少，能源回收效率較高。
環保題,《再生能源發展條例》中定義的再生能源，不包含下列何者？,核能,天然氣,風能,B,再生能源發展條例第3條定義，再生能源係指「太陽能、生質能、地熱能、海洋能、風力、水力及其他經中央主管機關認定可永續利用之能源。」正確答案B「核能」雖為低碳能源且不排放溫室氣體，但使用鈾等不可再生資源，且產生放射性廢料，依我國法規不屬於再生能源範疇。風能、太陽能為我國主力再生能源。
環保題,何謂「永續林業」(Sustainable Forestry)的核心概念？,以維持森林生態系功能及生物多樣性之方式經營並利用森林資源,大規模種植單一樹種以提高木材產量,完全禁止砍伐森林以保護自然環境,A,永續林業（Sustainable Forestry）係指在維持森林生態系統健康、生物多樣性及生產力之前提下，合理經營利用森林資源，確保森林功能可延續供當代及後代使用。正確答案A「以維持森林生態系功能及生物多樣性之方式經營並利用森林資源」準確描述此核心概念。永續林業原則包括：維持森林覆蓋率、保護生物多樣性、適度疏伐更新、混林經營、FSC等認證。
環保題,在水處理程序中，加入氯(Chlorine)的主要目的是什麼？,去除水中有機物及化學污染物質,調節水質pH值使其符合飲用標準,殺菌，消除水中病原微生物,C,水處理加氯消毒為自來水處理之重要程序，目的在殺滅水中病原微生物（如細菌、病毒等），確保飲用水安全。正確答案C「殺菌，消除水中病原微生物」為加氯的主要目的。依飲用水水質標準，自來水需維持適量餘氯（0.2-1.0 mg/L），持續發揮消毒效果。氯與水中有機物反應可能產生三鹵甲烷等消毒副產物，需控管在標準值以下。
環保題,何者為「斯德哥爾摩公約」主要列管的對象？,臭氧層破壞物質,持久性有機污染物(POPs),溫室氣體排放,B,《斯德哥爾摩公約》(Stockholm Convention on Persistent Organic Pollutants)於2001年生效，旨在管制「持久性有機污染物」(POPs)。正確答案B「持久性有機污染物(POPs)」為公約主要列管對象。POPs具有毒性、生物累積性、不易分解及長距離傳輸特性，對人體及環境造成危害。公約目前共列管31種物質，包括戴奧辛、多氯聯苯(PCBs)、DDT等。
環保題,在空氣品質指標(AQI)中，當指標值超過150時，對哪個族群的健康影響最大？,敏感族群(包括孩童、老年人及患有心臟、呼吸道疾病者),僅對戶外工作者有顯著影響,所有族群健康影響相同,A,空氣品質指標(AQI)為整合性指標，涵蓋臭氧(O3)、細懸浮微粒(PM2.5)、懸浮微粒(PM10)、一氧化碳(CO)、二氧化硫(SO2)及二氧化氮(NO2)六項污染物。AQI值101-150屬「對敏感族群不良」（橘色），正確答案A「敏感族群(包括孩童、老年人及患有心臟、呼吸道疾病者)」在此階段受影響最大，可能產生咳嗽、呼吸急促等症狀，應減少長時間劇烈戶外活動。
環保題,何謂「碳匯」(Carbon Sink)？,排放溫室氣體之碳源設施,碳交易市場的價格計算基準,能吸收並儲存大氣中二氧化碳之自然或人工系統,C,碳匯(Carbon Sink)係指能吸收並儲存大氣中二氧化碳之自然或人工系統，作為CO2「倉庫」，減少大氣溫室氣體濃度，有助減緩氣候變遷。正確答案C「能吸收並儲存大氣中二氧化碳之自然或人工系統」準確描述碳匯定義。主要碳匯包括：綠碳(森林、草原)、藍碳(海洋、海草床、紅樹林)、黃碳(土壤、農地)。依2050淨零排放路徑，除減碳外，提升碳匯為關鍵策略。
環保題,依《廢棄物清理法》，家戶產生的廢棄物，其回收、清除、處理由誰負責規劃辦理？,中央主管機關(環境部),地方政府(直轄市、縣市政府),家戶自行委託民間清除業者,B,酸雨係指pH值低於5.6之降水，主要由二氧化硫(SO2)及氮氧化物(NOx)等酸性氣體前驅物造成。正確答案A「二氧化硫(SO2)及氮氧化物(NOx)」為酸雨主要前驅物。SO2主要來自燃燒含硫燃料之火力電廠、工業製程；NOx主要來自火力發電及汽機車排放。這些前驅物在大氣中經光化學反應，轉化為硫酸及硝酸，隨降水落下形成酸雨。
環保題,何種氣體是造成酸雨的主要前驅物之一？,二氧化硫(SO2)及氮氧化物(NOx),臭氧(O3)及懸浮微粒(PM10),二氧化碳(CO2)及甲烷(CH4),A,廢棄物清理法第5條規定：「一般廢棄物，由執行機關清除處理。」第12條明定：「一般廢棄物之清除、處理，由直轄市、縣（市）主管機關為之。」家戶產生之廢棄物屬「一般廢棄物」，其回收、清除、處理由正確答案B「地方政府(直轄市、縣市政府)」環保局及清潔隊負責規劃辦理。相對地，事業廢棄物由事業自行或委託合格業者清除處理。
環保題,何謂「綠色金融」(Green Finance)？,以綠色貨幣進行的數位金融交易,專門投資綠色建築產業的基金,針對環境永續發展目標提供之金融投資與服務,C,綠色金融(Green Finance)或稱永續金融，是指為了促進環境永續發展目標而提供的各類金融投資與服務。其核心是將資金引導至有助於環境保護的產業或計畫，例如投資再生能源、綠色建築、污染防治、循環經濟等，並將環境、社會及治理(ESG)風險納入投資決策中。
環保題,在環境管理中，ISO 14001是一個關於什麼的管理系統標準？,品質管理系統,環境管理系統,職業安全衛生管理系統,B,"ISO 14001為國際標準化組織(ISO)制定之環境管理系統(Environmental Management System, EMS)標準，提供組織建立、實施、維持及持續改善環境管理系統之架構。正確答案B「環境管理系統」為ISO 14001的主題。現行版本ISO 14001:2015要求組織：鑑別環境考量面及衝擊、遵守環境法規、設定環境目標並監測績效、持續改善環境績效。"
環保題,何謂「氣候變遷調適」(Climate Change Adaptation)？,為因應氣候變遷衝擊而調整自然或人類系統以減輕危害,減少溫室氣體排放以避免氣候變遷,研究氣候變遷原因的科學調查活動,A,氣候變遷調適(Climate Change Adaptation)係指為因應當前或預期之氣候變遷及其影響，在自然或人類系統所做的調整，以減輕危害或發展有利機會。正確答案A「為因應氣候變遷衝擊而調整自然或人類系統以減輕危害」準確描述調適定義。調適與「減緩」(Mitigation)不同：減緩係指減少溫室氣體排放；調適則是接受氣候變遷已發生，調整因應以降低損害。
環保題,依《噪音管制法》，工廠(場)噪音管制標準的測量單位為何？,瓦特(W),赫茲(Hz),分貝(dB或dBA),C,噪音管制法第6條授權訂定「噪音管制標準」，其測量單位為分貝(dB)。正確答案C「分貝(dB或dBA)」為噪音管制單位。分貝為音壓位準單位，表示聲音強度，1分貝(dB)為1貝爾(Bell)之十分之一。噪音管制常用dB(A)，A權重模擬人耳對不同頻率聲音之感受，對低頻衰減較多。
環保題,何者為「里山倡議」(Satoyama Initiative)的核心精神？,完全禁止開發保護原始森林環境,維護與自然和諧共生的社會-生態-生產地景,大規模機械化農業提高糧食產量,B,里山倡議(Satoyama Initiative)於2010年提出，核心概念為「社會-生態-生產地景」(SEPLS)，係指人類與自然長期交互作用形成之動態鑲嵌斑塊景觀，在此過程中維持生物多樣性並提供人類生活所需。正確答案B「維護與自然和諧共生的社會-生態-生產地景」準確描述里山倡議核心精神。倡議願景為「實現與自然和諧共處的社會」，強調在農業等社會經濟活動中，兼顧生物多樣性保育與資源永續利用。
環保題,在環境教育中，何謂「環境素養」(Environmental Literacy)？,個人對環境議題的知識、態度、技能和參與意願的綜合體,指擁有分析環境問題的知識與技能，不包含個人情感態度,強調親身參與環保的實踐行動，學術理論知識非必要,A,環境素養（Environmental Literacy）指個人對環境議題的知識、態度、技能和參與意願的綜合體。正確答案A「個人對環境議題的知識、態度、技能和參與意願的綜合體」準確定義環境素養。包括：(1)環境知識（了解生態系統、環境問題）、(1)環境態度（關心環境、環保價值觀）、(3)環境技能（解決環境問題能力）、(4)環境行為（實際參與環保行動）。培養環境素養是環境教育的核心目標。
環保題,何謂「綠色採購」(Green Procurement)？,優先採購價格最低廉的產品，不考慮其生產過程對環境造成的影響,僅以產品的品質和功能為唯一考量，環境友善與否並非重點,在採購產品或服務時，將環境效益納入考量，優先選擇對環境友善的產品,C,綠色採購係指採購產品或服務時，將環境影響納入考量，優先購買具環保標章、節能標章、省水標章、綠建材標章等對環境友善之產品。正確答案C「在採購產品或服務時，將環境效益納入考量，優先選擇對環境友善的產品」準確描述綠色採購。我國政府自2002年起推動「機關綠色採購推廣方案」，規範各級機關、公營事業、公立學校需優先採購環保產品。
環保題,ISO 14064系列標準主要規範什麼？,產品品質管理,溫室氣體盤查與查證,職業安全衛生管理,B,ISO 14064系列為國際溫室氣體盤查與查證標準，分三部分：ISO 14064-1（組織層級溫室氣體排放減量與移除之量化與報告）、ISO 14064-2（專案層級溫室氣體減量）、ISO 14064-3（查證與確證溫室氣體聲明）。正確答案B「溫室氣體盤查與查證」為ISO 14064系列主要規範內容。企業透過ISO 14064-1進行溫室氣體盤查，可增強報告可信度，作為企業碳管理及減碳策略基礎。
環保題,何謂「生態足跡」(Ecological Footprint)？,衡量人類活動對地球生態系統需求的指標，以生產和吸收廢棄物所需的土地和水域面積表示,評估生物多樣性豐富程度的指標,計算碳排放量的專門方法,A,生態足跡由加拿大學者Rees & Wackernagel於1994年提出，用以衡量人類活動對地球資源的需求量，計算某地區人口消費資源及處理廢棄物所需的土地或水域面積，單位為全球公頃（gha）。正確答案A「衡量人類活動對地球生態系統需求的指標，以生產和吸收廢棄物所需的土地和水域面積表示」準確定義生態足跡。若生態足跡超過地球承載力，形成生態赤字。
環保題,在水資源管理中，何謂「水足跡」(Water Footprint)？,評估水資源開發潛力的指標,衡量水體污染程度的指標,衡量產品、服務或個人在整個生命週期中直接和間接消耗的水量,C,水足跡又稱虛擬水（Virtual Water），指產品在生產過程全生命週期中直接及間接消耗的總水量。正確答案C「衡量產品、服務或個人在整個生命週期中直接和間接消耗的水量」準確定義水足跡。Hoekstra於2002年提出水足跡概念，分三類：綠色水足跡（降雨降水）、藍色水足跡（地表水及地下水）、灰色水足跡（稀釋污染恢復水質所需淡水量）。
環保題,何者為「環境會計」(Environmental Accounting)的主要目的？,評估企業的社會責任表現,將環境成本和效益納入企業的財務決策和報告中,計算環境污染的經濟損失,B,環境會計（Environmental Accounting）係指企業使用會計方法，計算物料使用效率及環境成本，分析財務及非財務資訊，以追蹤物料使用效率並優化企業環境與經濟績效。正確答案B「將環境成本和效益納入企業的財務決策和報告中」準確描述環境會計主要目的。環境管理會計（EMA）提供能源、水、原物料使用的實體及貨幣資訊，作為財務決策依據。
環保題,在廢棄物管理中，何謂「最終處置」(Final Disposal)？,將廢棄物以衛生掩埋或其他方式，使其永久與生活環境隔離，不再對環境造成危害,依規定一般廢棄物及事業廢棄物之總稱,經環保署公告之有害事業廢棄物,A,最終處置指廢棄物經分類、回收、焚化等前處理後，以衛生掩埋或其他方法永久隔離，不再對環境造成危害。正確答案A「將廢棄物以衛生掩埋或其他方式，使其永久與生活環境隔離，不再對環境造成危害」準確定義最終處置。衛生掩埋為最終處置主要方式，透過廢棄物與土壤微生物物理化學反應，轉化為固液氣產物，逐漸減量達物理穩定性及生化安全。
環保題,何者為「環境影響評估法」中，『環境影響說明書』的主要內容？,詳細的開發工程設計圖說,開發單位過去的環保績效報告,說明開發行為對環境可能造成的影響、減輕對策及替代方案,C,環境影響說明書為開發單位依環評法第一階段環評程序，於規劃階段編製之文件，說明開發行為對環境可能影響、減輕對策及替代方案。正確答案C「說明開發行為對環境可能造成的影響、減輕對策及替代方案」準確描述說明書主要內容。依環評法規定，應實施環評之開發行為須將環境影響說明書經審查通過後方可開發，以預防及減輕開發行為對環境不良影響。
環保題,在空氣污染防制中，何謂「最佳可行控制技術」(BACT)？,僅指符合最低排放標準的技術,在考量技術可行性、經濟合理性及環境效益後，所能達到最嚴格的污染控制技術,針對特定產業制定的污染防治策略,B,BACT（Best Available Control Technology，最佳可行控制技術）源自美國1990年淨化空氣法案，指在考量能源消耗、總源排放、區域環境影響、經濟成本等因素後，達到最嚴格的污染控制技術。正確答案B「在考量技術可行性、經濟合理性及環境效益後，所能達到最嚴格的污染控制技術」準確定義BACT。我國環保署於2002年公告施行「固定污染源最佳可行控制技術」，作為新設或變更污染源許可審查依據。
環保題,何謂「環境倫理」(Environmental Ethics)？,探討人類與自然環境之間道德關係的學問，主張人類對環境負有道德責任,規範環境保護行為的法律條文,評估環境政策效益的學術研究,A,環境倫理學為哲學分支，探討人類與自然環境的道德關係，以及環境與其非人類內容的價值與道德地位。正確答案A「探討人類與自然環境之間道德關係的學問，主張人類對環境負有道德責任」準確定義環境倫理。1970年代環境倫理作為哲學新領域興起，挑戰傳統人類中心主義，探討賦予自然環境內在價值的理性論據。環境倫理主張自然非僅為資源或商品，人類應負責任地使用資源、保護生態系。
環保題,在廢棄物管理中，何謂「資源化」(Resource Recovery)？,將廢棄物直接掩埋處理,僅指回收塑膠和金屬,將廢棄物轉化為有用的物質或能源，以減少對原生資源的依賴和環境負荷,C,資源化指將廢棄物轉化為有用物質或能源，減少原生資源依賴與環境負荷，包含物質回收（再利用、再製造、再生）及能源回收（焚化發電、製成固體再生燃料）。正確答案C「將廢棄物轉化為有用的物質或能源，以減少對原生資源的依賴和環境負荷」準確定義資源化。我國推動「資源回收再利用促進計畫」，涵蓋物料生產、消費、廢棄至再生全階段，促進物質永續循環。
環保題,何謂「綠色化學」(Green Chemistry)？,僅指使用天然無毒的化學原料,設計化學產品和製程，以減少或消除有害物質的使用和產生,開發新型高效能化學產品,B,綠色化學為新興化學分支，以「原子經濟性」為原則，研究如何在產生目的生成物過程中充分利用原料及能源，減少有害物質釋放。正確答案B「設計化學產品和製程，以減少或消除有害物質的使用和產生」準確定義綠色化學。1998年John C. Warner與Paul Anastas提出著名的綠色化學12項原則，從源頭思考化學角色，設計友善環境化學品、低污染化學製程及永續商業產品。
環保題,"在環境管理中，何謂「生命週期評估」(Life Cycle Assessment, LCA)？",從產品或服務的原料取得、製造、使用到廢棄處理，全面評估其對環境造成的衝擊,僅評估產品製造過程中的能源消耗,評估企業的環境管理系統是否符合標準,A,"生命週期評估（LCA, Life Cycle Assessment）依ISO 14040標準，評估產品或服務從原料取得、製造、運輸、使用到廢棄處理整個生命週期對環境的影響。正確答案A「從產品或服務的原料取得、製造、使用到廢棄處理，全面評估其對環境造成的衝擊」準確定義LCA。LCA四階段：(1)目標與範疇界定、(2)盤查分析（資源消耗、污染排放）、(3)衝擊評估（對環境的影響）、(4)結果詮釋。"
環保題,何者為「生物復育」(Bioremediation)的主要原理？,透過物理化學方法移除污染物,利用基因工程技術改造生物,利用微生物或植物的代謝能力，將環境中的污染物降解或轉化為無害物質,C,生物復育指利用生物系統（細菌、微藻、真菌或植物）移除或中和污染場址污染物之技術。正確答案C「利用微生物或植物的代謝能力，將環境中的污染物降解或轉化為無害物質」準確定義生物復育。微生物生物復育依賴微生物代謝潛能，透過氧化還原過程將環境污染物降解為無害形式。生物復育分現地處理（in situ）及異地處理（ex situ）。
環保題,"在永續消費中，何謂「產品服務化」(Product-Service Systems, PSS)？",僅指產品的租賃服務,企業提供產品的服務功能而非產品本身的所有權，以鼓勵產品的重複使用和延長壽命,強調產品的綠色設計與製造,B,"產品服務化（Product-Service Systems, PSS）為循環經濟的重要商業模式，企業提供產品的服務功能而非產品本身的所有權。正確答案B「企業提供產品的服務功能而非產品本身的所有權，以鼓勵產品的重複使用和延長壽命」準確定義PSS。例如共享經濟、租賃服務（汽車租賃、影印機租賃）、按次計費服務等，鼓勵產品重複使用、延長壽命，減少資源浪費。"
環保題,"何者為「環境管理系統」(Environmental Management System, EMS)的核心目標？",透過系統化的管理方法，持續改善組織的環境績效，並達成環境目標,僅限於減少廢棄物產生量,確保企業符合所有環境法規,A,環境管理系統（EMS）為組織透過系統化管理方法，持續改善環境績效並達成環境目標之架構。正確答案A「透過系統化的管理方法，持續改善組織的環境績效，並達成環境目標」準確描述EMS核心目標。ISO 14001為國際環境管理系統標準，要求組織：鑑別環境考量面及衝擊、遵守環境法規、設定環境目標並監測績效、持續改善環境績效。
環保題,"在氣候變遷減緩策略中，何謂「碳捕捉與封存」(Carbon Capture and Storage, CCS)？",透過植樹造林增加碳匯,減少化石燃料的使用,在發電廠或工業製程中，捕捉排放的二氧化碳，並將其運輸至地質構造中長期儲存,C,CCS（碳捕捉與封存，Carbon Capture and Storage）指在發電廠或工業設施將化石燃料轉換能源過程中，使用捕捉技術分離CO2排放，經壓縮運輸至適當儲存地點長期隔離。正確答案C「在發電廠或工業製程中，捕捉排放的二氧化碳，並將其運輸至地質構造中長期儲存」準確定義CCS。CCS包含三步驟：捕捉（post-combustion、pre-combustion、oxy-fuel）、運輸、封存（深層地質構造或礦化碳酸鹽）。
環保題,何者為「水污染防治法」中，『總量管制』的主要目的？,鼓勵企業採用更潔淨的生產技術,針對特定水體，設定污染物排放總量上限，並將其分配給各污染源，以改善水質,對超標排放的企業處以罰款,B,總量管制指針對特定水體，依水質標準及水體涵容能力，設定污染物排放總量上限，再將總量分配給各污染源，限制排放量以改善水質。正確答案B「針對特定水體，設定污染物排放總量上限，並將其分配給各污染源，以改善水質」準確定義總量管制主要目的。我國水污染防治法授權主管機關公告總量管制區，管制區內事業、污水下水道系統需取得排放許可，並削減污染量。
環保題,在環境影響評估(EIA)中，何謂「環境影響說明書」？,開發單位針對開發行為可能對環境造成的影響，所進行的評估報告,政府部門發布的環境政策文件,環境監測數據的彙整報告,A,環境影響說明書為開發單位依環評法第一階段環評程序，於規劃階段編製之評估報告，說明開發行為對環境可能影響、減輕對策及替代方案。正確答案A「開發單位針對開發行為可能對環境造成的影響，所進行的評估報告」準確定義環境影響說明書。依環評法規定，應實施環評之開發行為，開發單位須將環境影響說明書送審查，通過後方可開發。
環保題,何者為「空氣污染防制法」中，『移動污染源』的定義？,僅指工廠排放的廢氣,固定不動的污染排放設施,指汽機車、船舶、航空器等，會移動且排放空氣污染物的交通工具,C,移動污染源指會移動並排放空氣污染物的交通工具，包括汽機車、船舶、航空器等。正確答案C「指汽機車、船舶、航空器等，會移動且排放空氣污染物的交通工具」準確定義移動污染源。空氣污染防制法將污染源分為固定污染源（工廠、焚化爐等）及移動污染源。移動污染源為都會區空氣污染主要來源，排放氮氧化物、一氧化碳、碳氫化合物、懸浮微粒。
環保題,在廢棄物處理中，何謂「焚化發電」(Waste-to-Energy)？,將廢棄物進行分類回收,將廢棄物焚燒產生熱能，再將熱能轉換為電能的技術,利用太陽能將廢棄物分解,B,焚化發電(Waste-to-Energy)是將廢棄物置於焚化爐中燃燒，產生的高溫熱能用來產生蒸氣，再利用蒸氣推動渦輪發電機來發電的技術。此技術不僅能大幅減少廢棄物的體積，同時能將廢棄物轉化為電能，達到資源回收再利用的目的。
環保題,何者為「土壤及地下水污染整治法」中，『污染控制場址』的定義？,經評估確認土壤或地下水已受污染，且有危害人體健康或環境之虞，需採取控制措施的場址,僅指已完成整治的污染場址,尚未進行任何調查的潛在污染區域,A,依《土壤及地下水污染整治法》，「污染控制場址」指土壤或地下水污染物濃度超過「管制標準」，有危害國民健康及生活環境之虞，經主管機關公告，需採取應變必要措施及實施污染控制計畫的場址。其目的是為了控制污染範圍，避免其擴大。
環保題,在氣候變遷調適策略中，何謂「綠色基礎建設」(Green Infrastructure)？,僅指使用綠色建材建造的建築物,大規模的再生能源發電設施,利用自然系統或模擬自然過程來提供環境效益和服務的基礎設施，例如雨水花園、透水鋪面、濕地等,C,綠色基礎建設指由各種開放空間及自然區域組成之互聯綠色空間網絡，包括綠道、濕地、雨水花園、森林、原生植被等，形成整合系統自然管理雨水、減少洪災、改善水質。雨水花園捕捉街道、屋頂、停車場逕流，植物與土壤吸收水分減少進入下水道。透水鋪面相較於混凝土或瀝青，允許雨水滲入地下而非快速流入下水道，改善地球滲透功能。綠色基礎建設相較於灰色基礎建設（混凝土堤防、下水道），成本較低、生態效益高，提供棲地、淨化空氣水質、調節微氣候，為氣候變遷調適重要策略。
環保題,何者為「永續發展目標」(SDGs)中，與水資源相關的目標？,目標1：消除各地一切形式的貧困,目標6：確保所有人都能享有水及衛生設施,目標13：採取緊急行動應對氣候變遷及其影響,B,聯合國2015年發布17項永續發展目標（SDGs），其中目標6為「確保所有人都能享有水及衛生設施及其永續管理」（Clean Water and Sanitation）。SDG 6包含8項細項目標：(1)普及安全飲用水、(2)改善衛生設施終結露天排便、(3)改善水質減少污染、(4)提高水資源使用效率、(5)水資源綜合管理、(6)保護水相關生態系、(7)擴大國際合作、(8)支持社區參與。2023年聯合國水資源會議強調全球20億人缺乏安全飲用水，需加速進展達成SDG 6，確保水資源永續利用與公平取得。
環保題,在環境管理中，何謂「環境稽核」(Environmental Audit)？,對組織的環境管理系統、環境績效或符合法規情況進行系統性、獨立且文件化的評估,僅指政府對企業的例行性檢查,評估環境污染損害賠償金額的程序,A,環境稽核指對組織環境管理系統、環境績效或法規符合性，進行系統性、獨立且文件化之評估過程。ISO 19011提供管理系統稽核指引，環境稽核目的：(1)確認ISO 14001符合性、(2)評估環境績效、(3)查核法規遵循、(4)鑑別改善機會。稽核分內部稽核（第一方）、客戶稽核（第二方）、驗證稽核（第三方）。稽核程序包含規劃、現場訪查、訪談、文件審查、不符合事項開立、矯正措施追蹤。透過環境稽核，組織可持續改善環境管理，降低環境風險，提升環境績效。
環保題,何者為「臭氧層破壞」的主要原因？,火山爆發產生大量硫化物,工業廢氣中二氧化碳濃度過高,氟氯碳化物(CFCs)等化學物質的排放,C,臭氧層破壞主因為氟氯碳化物（CFCs）、海龍（Halons）、四氯化碳、甲基氯仿等臭氧層破壞物質（ODS）之排放。CFCs廣泛用於冷媒、噴霧劑、發泡劑、清洗劑，排放至大氣後上升至平流層，受紫外線分解釋放氯原子，催化破壞臭氧分子，形成臭氧層空洞。1985年南極臭氧層空洞發現後，1987年簽署蒙特婁議定書管制ODS，分階段淘汰CFCs等物質。我國1994年公布「蒙特婁議定書列管化學物質管理辦法」，禁止製造進口CFCs。經全球努力，臭氧層正逐步恢復，預估2050-2070年回復至1980年水準。
環保題,在廢棄物管理中，何謂「有害事業廢棄物」？,所有可回收再利用的廢棄物,具有毒性、易燃性、腐蝕性、反應性或具感染性等特性，對人體健康或環境有害的事業廢棄物,僅指醫療院所產生的廢棄物,B,有害事業廢棄物指由事業單位產生，且具有毒性、易燃性、腐蝕性、感染性、爆炸性或石綿等，足以危害人體健康或污染環境的廢棄物。其認定方式包括「表列有害事業廢棄物」及「特性認定有害事業廢棄物」兩種。
安全題,依職業安全衛生法規定，雇主對於高度幾公尺以上之作業，應使勞工使用適當之防護具？,2公尺,1公尺,3公尺,A,依據安全相關法規，本題正確答案為「2公尺」。此答案符合法令規範要求，為該領域之正確知識與實務作法。
安全題,依危害性化學品標示及通識規則，GHS分類系統將物質危害分為幾大類？,急性危害、慢性危害,物理性危害、健康危害,物理性危害、健康危害、環境危害,C,GHS（全球化學品統一分類和標籤制度）依CNS 15030將危害性化學品分為三大類：(1)物理性危害（如易燃、爆炸、氧化）、(2)健康危害（如急毒性、致癌性、腐蝕）、(3)環境危害（水環境危害）。GHS危害圖式為紅色邊框、白底、黑色符號，包含火焰、骷髏、驚嘆號、腐蝕、健康危害、環境等9種圖式。裝有危害性化學品容器應依分類標示名稱、圖式、警示語、危害警告訊息、危害防範措施、製造商資訊等，確保化學品安全管理與資訊傳達。
安全題,局限空間作業前，氧氣濃度應維持在多少百分比以上？,0.16,0.18,0.2,B,依職業安全衛生設施規則第29-1條及局限空間作業危害預防要點規定，勞工進入局限空間作業前及作業中，應確認空氣中氧氣濃度達18%以上。缺氧指空氣中氧氣濃度未滿18%，氧氣低於18%需攜帶供氣式呼吸防護具方可進入。局限空間作業另需確認：可燃性氣體低於爆炸下限30%、硫化氫低於10 ppm、一氧化碳低於35 ppm。局限空間定義為非供勞工經常性作業、進出方法受限、無法自然通風維持充分清淨空氣之空間，如儲槽、管道、下水道、沉箱、涵洞等。
安全題,機械設備之護罩應採用何種設計原則？,以上皆是,依相關法規規定辦理,參照國際慣例制定,A,機械設備護罩設計應符合機械設備器具安全標準、相關法規規定及參照國際慣例（如ISO、IEC安全標準）。依機械設備器具安全標準規定，護罩應具備：(1)防止身體接觸危害部位、(2)堅固構造不易破壞、(3)不妨礙作業及維修、(4)不易卸除或與機械連動、(5)適當材質（透明或不透明）。ISO/IEC Guide 51規定機械安全為「不存在不可接受風險」，護罩設計從傳統危害檢出系統轉為安全確認系統。雇主應確保機械護罩完整有效，勞工不得擅自拆除或使之失效。
安全題,依職業安全衛生法，第一類事業單位勞工人數在幾人以上者，應設職業安全衛生管理單位？,100人,200人,300人,C,依職業安全衛生管理辦法規定，第一類事業（營造業、製造業等高風險行業）勞工人數達100人以上應設置專責一級管理單位。第一類事業100人以上需設專責一級單位，300人以上需配置2名以上職業安全衛生管理員。管理單位應為雇主直屬之一級單位，管理人員需專職駐廠執行職安衛業務，不得兼任與職安衛無關工作。事業分三類：第一類為高風險（營造、製造）、第二類為中風險、第三類為低風險，第一類事業安全管理要求最嚴格。
安全題,在電氣安全中，何種設備主要用於防止感電事故？,無熔絲開關(MCCB),漏電斷路器(ELCB),過載保護器,B,"漏電斷路器（ELCB, Earth Leakage Circuit Breaker）或漏電保護斷路器為防止觸電危險及火災之安全裝置。ELCB工作原理為偵測火線與中性線電流不平衡，正常情況流入流出電流相等，若發生漏電（電流漏至地面），ELCB偵測漏電流超過設定值（通常30mA）即自動切斷電源，保護人員及財產安全。ELB為純漏電保護型，ELCB為過載短路+漏電保護二合一型。ELCB廣泛應用於住宅、辦公室、工廠電氣安全，為基本電氣安全設備，與無熔絲開關（MCCB）搭配提供完整保護。"
安全題,進行風險評估時，風險等級(Risk Level)通常由哪兩個因素決定？,危害的嚴重性與發生的可能性,事故發生的頻率與成本,企業的規模與產業類別,A,風險評估（Risk Assessment）依ISO 31000標準，風險等級由危害嚴重性（Severity）及發生可能性（Likelihood/Probability）兩因素決定。風險值計算公式：風險等級 = 嚴重性 × 可能性。嚴重性分級通常為S1-S4（輕微至災難），可能性分級為P1-P4（極低至極高），組合成風險矩陣，風險等級分1-5級：第5級重大風險（需立即降低）、第4級高度風險（限期改善）、第3級中度風險（努力降低）、第2級低度風險（可接受）、第1級微小風險。風險評估程序包含風險鑑別、分析、評量，為職安衛管理核心工具。
安全題,安全資料表(SDS)共有幾個項目？,12個,20個,16個,C,SDS（Safety Data Sheet，安全資料表）為化學品管理必備安全履歷，依GHS標準及CNS 15030規定，SDS包含16個項目依序為：(1)化學品與廠商資料、(2)危害辨識資料、(3)成分辨識資料、(4)急救措施、(5)滅火措施、(6)洩漏處理方法、(7)安全處置與儲存方法、(8)暴露預防措施、(9)物理及化學性質、(10)安定性及反應性、(11)毒性資料、(12)生態資料、(13)廢棄處置方法、(14)運送資料、(15)法規資料、(16)其他資料。具物理性或健康危害之危害性化學品皆需具備SDS，16項順序為國際GHS標準化格式，確保全球一致性化學品危害資訊溝通。
安全題,何謂「本質安全」(Intrinsically Safe)設計？,透過外部防護罩隔離危險源,在正常或異常情況下，設備產生的電能或熱能都不足以引燃爆炸性氣體環境,採用高強度材料製造設備,B,本質安全（Intrinsically Safe）設計指在正常或異常情況下，設備產生的電能或熱能都不足以引燃爆炸性氣體環境。本質安全設備用於易燃易爆場所（如石化廠、油槽區），透過限制電路的電壓、電流及能量，即使發生短路或故障也不會產生足以引爆的火花或高溫，為最安全的防爆方式。
安全題,在噪音作業場所，勞工暴露的8小時日時量平均音壓級不得超過多少分貝？,85分貝,70分貝,100分貝,A,依職業安全衛生設施規則第300條，勞工工作場所因機械設備運轉致發生聲音超過85分貝時，雇主應採取工程控制、減少暴露時間等必要措施。噪音作業勞工8小時日時量平均音壓級不得超過85分貝，且應提供適當之耳塞、耳罩等防音防護具。
安全題,何種個人防護具(PPE)是防止吸入性危害的第一道防線？,防護手套,安全鞋,呼吸防護具,C,化學品洩漏緊急應變首要原則為確保人員安全，應立即隔離洩漏區域、疏散無關人員至安全距離外、管制人員進入。應變程序：(1)評估洩漏規模與危害、(2)穿戴適當防護具、(3)切斷洩漏源（關閉閥門、設備）、(4)防止洩漏擴散（築堤圍堵）、(5)吸收或中和洩漏物、(6)通風換氣、(7)妥善處理廢棄物。依SDS第6項洩漏處理方法及緊急應變計畫執行。大量洩漏應通報119及環保單位，啟動廠區緊急應變組織。切勿貿然進入洩漏區，避免二次災害。
安全題,「工作許可系統」(Permit-to-Work System)主要應用於何種作業？,低風險的例行性維護,高風險的非例行性作業,緊急狀況下的搶修作業,B,工作許可系統（Permit-to-Work System）主要應用於高風險的非例行性作業，如局限空間作業、動火作業、高處作業、開挖作業等。透過書面許可證制度，確認作業前已完成危害評估、安全措施、監督人員指派等程序。未經許可不得開始作業，有效管控高風險作業，預防重大職業災害。
安全題,依據ISO 45001職業健康安全管理系統，PDCA循環中的「C」代表什麼？,檢查(Check),溝通(Communicate),控制(Control),A,依ISO 45001職業健康安全管理系統，PDCA循環中的「C」代表檢查（Check），指監督、測量、分析及評估安全衛生績效。透過定期稽核、事故調查、績效指標追蹤等方式，檢查管理系統是否有效運作，找出缺失及改善機會，確保持續改善。PDCA循環為Plan（規劃）、Do（執行）、Check（檢查）、Act（行動）。
安全題,在防火防爆領域，「爆炸下限」(LEL)的定義為何？,易燃氣體完全燃燒所需的最低空氣量,易燃氣體在空氣中能夠被點燃的最高濃度,易燃氣體在空氣中能夠被點燃的最低濃度,C,"爆炸下限（LEL, Lower Explosive Limit）指易燃氣體或蒸氣在空氣中能夠被點燃的最低濃度。低於LEL濃度太低無法燃燒，高於爆炸上限（UEL）氧氣不足也無法燃燒。濃度在LEL與UEL之間為爆炸範圍，最危險。可燃氣體偵測器通常設定在LEL的25%時發出警報，確保安全。"
安全題,何謂「零災害運動」(Zero Accident Campaign)的核心理念？,建立嚴格的懲罰制度以嚇阻不安全行為的發生,強調人性尊重，全員參與發掘與解決潛在危險,安全管理完全由高階主管負責規劃與執行即可,B,零災害運動（Zero Accident Campaign）核心理念為強調人性尊重，全員參與發掘與解決潛在危險。由日本中央勞動災害防止協會於1973年推動，三大原則：(1)零的哲學（相信災害可以預防）、(2)全員參與（從經營者到基層勞工）、(3)危險預知訓練（KYT）。透過小組活動，建立安全文化。
安全題,在人因工程(Ergonomics)中，設計工作站時應優先考量何項原則？,讓設計適用於大多數使用者，並為極端身材者提供可調整性,採用單一尺寸設計以降低成本，不考慮使用者個體差異,以符合最低安全標準為目標，外觀設計為主要考量,A,人因工程（Ergonomics）設計工作站時應優先考量「讓設計適用於大多數使用者，並為極端身材者提供可調整性」。依人體計測資料，設計應符合第5百分位（女性較小身材）至第95百分位（男性較大身材）使用者需求。提供可調整設施（如升降桌、調整椅），確保所有人都能舒適安全工作，預防肌肉骨骼傷害。
安全題,依職業安全衛生法，何謂「製程安全管理」(PSM)的適用對象？,勞工人數超過一百人以上的所有高風險事業單位,所有製造業廠商的實驗室與研發單位,從事危險性化學品製造、處置或使用的特定製程,C,"製程安全管理（PSM, Process Safety Management）依職業安全衛生法及危險性工作場所審查暨檢查辦法，適用對象為從事危險性化學品製造、處置或使用達規定數量的特定製程。PSM包含14項要素：製程安全資訊、製程危害分析、操作程序、教育訓練、承攬管理、開車前安全審查、機械完整性、動火許可、變更管理、事故調查、緊急應變、符合性稽核、商業機密、員工參與。"
安全題,當企業將部分作業承攬給外部廠商時，對於承攬商的安全衛生管理，原事業單位應負何種責任？,可指派一名承攬商為代表，全權負責所有安全管理,負有告知、協調及走動管理等共同作業的管理責任,主要責任為事故發生後，與承攬商共同負擔賠償,B,依職業安全衛生法第26、27條，原事業單位對承攬商應負告知、協調及走動管理等共同作業管理責任。應告知作業環境危害因子、設置協議組織協調安全衛生事項、進行走動管理確認承攬商遵守安全規定。原事業單位不能完全卸責給承攬商，需善盡監督管理之責，共同維護作業場所安全。
安全題,"何謂「變更管理」(Management of Change, MOC)？",針對製程、技術、設備、程序或人員的任何變更，進行系統性的風險評估與控制程序,在變更完成後，向管理階層提交一份完整的變更效益報告,主要目的是加速變更流程，以提升生產效率與彈性,A,"變更管理（MOC, Management of Change）指針對製程、技術、設備、程序或人員的任何變更，進行系統性的風險評估與控制程序。變更可能帶來新危害，MOC確保變更前充分評估風險、制定控制措施、取得核准、通知相關人員、更新文件。暫時性變更及永久性變更都需納入管理，預防因變更導致事故。"
安全題,在進行吊掛作業時，吊索之間的夾角(內角)越大，吊索所承受的張力會如何變化？,張力變小,張力不變,張力變大,C,吊掛作業時，吊索之間的夾角（內角）越大，吊索所承受的張力越大。力學原理：每條吊索張力 = 荷重 ÷ (2 × cosθ)，θ為吊索與垂直線的夾角。內角60度時張力約為荷重的58%，內角90度時約71%，內角120度時等於荷重，內角150度時達荷重2倍。安全吊掛應保持內角小於120度。
安全題,依職業安全衛生設施規則，對於高度2公尺以上之屋頂作業，應優先採用何種墜落預防措施？,設置適當強度之安全網,設置護欄、護蓋等設備,使勞工使用安全帶及安全母索,B,依職業安全衛生設施規則第224條，高度2公尺以上屋頂作業，應優先設置護欄、護蓋或安全網等墜落預防設施。此為「預防墜落」措施，優於「制止墜落」（安全帶）。墜落防護層級順序：(1)消除危害、(2)護欄護蓋、(3)安全網、(4)安全帶。優先採工程控制，保護所有勞工。
安全題,在爆炸危險場所，電氣設備應採用防爆構造，其標示中『Ex d』代表何種防爆類型？,耐壓防爆型,本質安全型,油浸防爆型,A,在爆炸危險場所，電氣設備防爆標示「Ex d」代表「耐壓防爆型」（Flameproof或Explosion-proof）。耐壓防爆型設備外殼能承受內部可燃氣體爆炸壓力，並防止火焰或高溫氣體逸出引燃外部爆炸性氣體。其他防爆型式包括：本質安全型（Ex i）、增加安全型（Ex e）、正壓防爆型（Ex p）等。
安全題,依『危害性化學品標示及通識規則』，化學品供應商應提供給下游使用者的重要危害溝通文件為何？,產品說明書,危害標示警告標籤,安全資料表(SDS),C,依《危害性化學品標示及通識規則》，化學品供應商應提供給下游使用者的兩大主要危害溝通文件為「危害標示(Label)」與「安全資料表(SDS)」。其中，安全資料表(SDS)提供了化學品詳細的物理、化學、毒性、應變處理及法規等16大項資訊，是危害溝通的核心文件。
安全題,企業設置緊急應變組織(ERT)的主要目的為何？,培訓專業救災人員並定期實施演練以提升災害應變處理之能力,在災害發生初期，能立即採取應變措施以控制災情、減少損失,主要目的為符合法規要求，並向主管機關提交應變報告,B,企業設置緊急應變組織(ERT)的主要目的，是在火災、化學品洩漏、地震等緊急事故發生時，能於第一時間啟動應變機制，由受過訓練的成員執行通報、滅火、疏散、急救等任務，以「控制災害、減少損失」，並確保人員安全。
安全題,申請「動火作業許可」的主要目的為何？,確保在具有火災爆炸風險的區域進行動火作業前，已完成所有必要的安全措施,記錄動火作業的執行時間地點及作業人員以便建立完整的追蹤管理機制,提升作業人員的專業技能與經驗，以確保工作品質,A,「動火作業許可」是一種工作許可制度，目的是為了確保在石化區、儲槽區等具有火災、爆炸風險的場所進行焊接、切割、研磨等會產生火源的「動火作業」前，已完成所有必要的安全檢查與防護措施（如氣體偵測、易燃物移除、消防設備備便等），經審核批准後才可施工。
安全題,在安全管理中，何謂「金字塔理論」(Heinrich's Triangle)？,其提出的事故比例適用於所有行業與工作性質,事故發生主要歸因於勞工的不安全行為,主張嚴重傷害、輕微傷害與虛驚事件之間存在一定的比例關係,C,金字塔理論(或稱海因里希法則)主張，一件重傷害事故的背後，平均約有29件輕傷害事故及300件無傷害的虛驚事件(Near Miss)。此理論強調，若能有效預防底層大量的虛驚事件與不安全行為，即可大幅降低頂層重傷害事故的發生機率。
安全題,依職業安全衛生法，對於新化學物質的製造或輸入，業者應向哪個單位申請登錄？,經濟部工業局,勞動部職業安全衛生署,行政院環境保護署,B,依職業安全衛生法第13條及新化學物質登記管理辦法，製造或輸入新化學物質者，應於製造或輸入前向勞動部職業安全衛生署申請登錄。登錄分為簡易登錄（年製造輸入量小於100公斤）、標準登錄（100公斤以上1公噸以下）及完整登錄（1公噸以上），需提交化學物質基本資料、危害資料、暴露資料等。
安全題,"何謂「連鎖」(Lockout/Tagout, LOTO)程序？",在維修或保養機器時，將其動力源隔離並上鎖掛牌，以防止意外啟動,主要用於防止設備在例行性檢查時被誤觸啟動,只要口頭確認設備已關閉，即可進行維修作業,A,"連鎖程序（Lockout/Tagout, LOTO）依職業安全衛生設施規則，指在維修保養機械設備時，將動力源（電力、氣壓、液壓、熱能）隔離並上鎖掛牌，防止他人誤操作導致意外啟動。LOTO步驟：(1)通知、(2)關機、(3)隔離能源、(4)上鎖掛牌、(5)確認零能量、(6)作業完成後拆鎖。保障維修人員安全。"
安全題,在堆高機操作安全中，當載有貨物下坡時，應採取何種駕駛方式？,前進下坡,空檔滑行,倒退下坡,C,堆高機載貨下坡時，為防止貨物因慣性前傾滑落，造成車輛不穩或翻覆，應採取「倒退行駛」的方式下坡。上坡時則應前進行駛。空車時則與載貨時相反，應以前進方式下坡，倒退方式上坡。
安全題,依據危害辨識與風險評估技術指引，風險控制的優先順序(控制層級)為何？,個人防護具 > 行政管理 > 工程控制 > 取代 > 消除,消除 > 取代 > 工程控制 > 行政管理 > 個人防護具,取代 > 消除 > 行政管理 > 工程控制 > 個人防護具,B,風險控制應依循層級式控制(Hierarchy of Controls)的優先順序，最有效到最無效依序為：(1)消除(Elimination)、(2)取代(Substitution)、(3)工程控制(Engineering Controls)、(4)行政管理(Administrative Controls)、(5)個人防護具(Personal Protective Equipment)。應優先從源頭消除或取代危害，而非依賴最後一道防線的個人防護具。
安全題,在承攬商安全管理中，原事業單位對承攬商的「安全衛生協議組織」應多久召開一次會議？,每月至少一次,每年至少一次,每季至少一次,A,依職業安全衛生法第27條，原事業單位與承攬人共同作業時，應設置「協議組織」，並「定期或不定期」召開會議，協商安全衛生管理事項。法規未強制規定每月一次，但實務上建議高風險作業應至少每月召開一次。
安全題,高架作業時，若無法設置護欄或安全網，勞工應佩戴何種個人防護具？,安全帽及反光背心,防滑鞋及工作手套,安全帶及安全母索,C,在高架作業時，若無法設置護欄、護蓋或安全網等工程控制設施，應使勞工確實使用「安全帶」及安全母索」，並將其鉤掛於堅固的錨錠點，作為防止墜落的個人防護具。這是最後一道防線。
安全題,在侷限空間作業前，應進行通風換氣，並測定氧氣濃度、有害物濃度及何種氣體濃度？,惰性氣體,可燃性氣體,有毒氣體,B,在侷限空間作業前，為確保安全，必須實施通風換氣，並測定空間內的氣體濃度。測定項目至少應包含：(1)氧氣濃度(應介於18%至21%之間)、(2)危害性氣體濃度(如硫化氫、一氧化碳等)、(3)可燃性氣體濃度(應低於其爆炸下限的30%)。
安全題,企業的「緊急應變計畫」(Emergency Response Plan)應包含下列何者？,應變組織、通報程序、應變措施、疏散計畫、演練與訓練等,公司年度預算細項與未來三年的市場行銷策略規劃,員工的個人績效評估標準以及詳細的薪資福利方案,A,企業的「緊急應變計畫」(ERP)是一套系統性的文件，應包含：(1)應變組織與職責、(2)緊急事故的判斷與通報程序、(3)各類災害的應變措施(如滅火、圍堵、疏散)、(4)緊急疏散計畫與路線、(5)應變器材與設備清單、(6)定期演練與訓練計畫、(7)災後復原程序等。
安全題,職業災害調查的主要目的為何？,主要為追究事故相關人員的法律責任並施以懲處,計算職災造成的經濟損失，以便向保險公司申請理賠,找出災害發生的根本原因，並提出改善措施以防止再發生,C,職業災害調查的主要目的，是為了找出導致災害發生的「根本原因」(Root Cause)，並根據原因提出有效的改善對策，以「防止類似災害再次發生」。其目的並非追究個人責任，而是著重於改善系統性的缺失。
安全題,在機械安全中，何謂「雙手操作裝置」(Two-Hand Control Device)？,可設定為單手或雙手模式，以增加操作的便利性與效率,要求操作者必須同時使用雙手啟動機器，以確保雙手遠離危險區域,在偵測到危險時，自動鎖定單手操作以保護操作者安全,B,「雙手操作裝置」是一種工程控制的安全裝置，要求操作者必須「同時使用雙手」去按壓兩個致動按鈕，機械才會啟動。此設計能確保在機械運轉的危險瞬間（如沖壓），操作者的雙手必定位於安全的操作區，而不會伸入危險的模具區內而造成傷害。
安全題,依職業安全衛生法，雇主應對新僱勞工或在職勞工變更工作時，實施何種安全衛生教育訓練？,一般安全衛生教育訓練,進階的專業技術訓練,特殊作業安全衛生教育訓練,A,依《職業安全衛生教育訓練規則》，雇主對新僱O勞工或在職勞工變更工作前，應使其接受至少三小時的「一般安全衛生教育訓練」。內容包含法規概要、安全衛生概念、危害通識、作業程序及急救常識等，以建立基礎的安全衛生知識。
安全題,何謂「安全文化」(Safety Culture)？,企業達成零災害事故的最終狀態，代表安全管理的最高成就,透過導入最新的安全技術與自動化設備來取代人工作業,組織內所有成員對安全的共同價值觀、信念、態度和行為模式,C,安全文化（Safety Culture）指組織內所有成員（從最高主管到基層員工）對安全的共同價值觀、信念、態度及行為模式，將安全視為核心價值優先於生產效率。正確答案C「組織內所有成員對安全的共同價值觀、信念、態度和行為模式」準確定義安全文化。安全文化五要素：管理承諾、員工參與、開放溝通、組織學習、持續改善。良好安全文化使安全成為內化習慣而非僅遵守規定。
安全題,在防火安全中，何謂「防火區劃」(Fire Compartmentation)？,主要目的是在火災發生時，透過灑水系統等主動設備自動進行滅火,透過防火牆、防火門等防火構造，將建築物分隔成若干獨立區域，以限制火勢和煙霧的蔓延,指為了方便人員通行與疏散，可以將防火門長時間維持開啟的狀態,B,防火區劃（Fire Compartmentation）指透過防火牆、防火門、防火捲門等防火構造，將建築物分隔成若干獨立區域，以限制火勢和煙霧的蔓延，防止火災迅速擴大。正確答案B「透過防火牆、防火門等防火構造，將建築物分隔成若干獨立區域，以限制火勢和煙霧的蔓延」準確定義防火區劃。依建築技術規則，一定規模以上建築物應設置防火區劃，每個區劃面積有限制，區劃間以防火構造分隔。
安全題,依職業安全衛生設施規則，對於高處作業，安全母索應固定於何處？,固定於堅固之構造物或專為安全母索設置之錨錠點,可臨時固定於作業區域的護欄或任何方便的結構體上,只要能承受作業人員的體重，任何位置都可以作為固定點,A,"依職業安全衛生設施規則第281條，高處作業使用之安全母索（水平救生索、垂直救生索），應固定於「堅固之構造物」或「專為安全母索設置之錨錠點」。正確答案A「固定於堅固之構造物或專為安全母索設置之錨錠點」為法規要求。錨錠點應能承受至少2,300公斤（22.6 kN）之拉力，確保勞工墜落時安全母索不會脫落，有效保護勞工生命安全。"
安全題,在電氣安全中，何謂「接地」(Grounding)？,將設備的中性線與接地線連接在一起，以達到雙重保護的效果,使用漏電斷路器偵測異常電流並自動切斷電源，以保護人員免於感電,將電氣設備的金屬外殼與大地連接，以提供故障電流的安全路徑，防止感電,C,接地（Grounding）指將電氣設備的金屬外殼或電路與大地連接，以提供故障電流的安全路徑，防止感電。正確答案C「將電氣設備的金屬外殼與大地連接，以提供故障電流的安全路徑，防止感電」準確定義接地。當設備絕緣損壞造成漏電時，故障電流經接地線流入大地，避免外殼帶電造成人員感電，並使過電流保護裝置（保險絲、斷路器）動作切斷電源。接地為電氣安全基本防護措施。
安全題,依職業安全衛生法，雇主應對勞工實施健康檢查，其費用應由誰負擔？,勞工負擔,雇主負擔,政府負擔,B,依職業安全衛生法第20條第1項，雇主對勞工應施行體格檢查及定期健康檢查，其費用由「雇主負擔」。正確答案B「雇主負擔」為法定要求。健康檢查不得要求勞工自行負擔費用，檢查時間視為工作時間，雇主應給予公假。雇主應依健康檢查結果實施適性配工及健康管理，保障勞工健康權益。
安全題,"何謂「安全觀察與回饋」(Safety Observation and Feedback, SOF)？",透過觀察員工的作業行為，給予即時的安全或不安全行為回饋，以促進安全行為的養成,專注於找出設備或環境的缺失，而非針對個人的作業行為進行觀察,由外部專業顧問定期進行的稽核活動，用以評估組織的整體安全績效,A,"安全觀察與回饋（Safety Observation and Feedback, SOF）又稱行為安全觀察(BBS, Behavior-Based Safety)，指透過訓練合格之觀察員，在作業現場觀察員工的作業行為，記錄安全行為與不安全行為，並給予即時正向回饋或改善建議。正確答案A「透過觀察員工的作業行為，給予即時的安全或不安全行為回饋，以促進安全行為的養成」準確定義SOF。目的在強化安全行為、修正不安全行為，建立安全文化。"
安全題,在化學品儲存中，何謂「相容性儲存」(Compatible Storage)？,依照化學品的購入日期或字母順序進行儲存管理即可,將酸性與鹼性化學品分開儲存，其他類別則無嚴格規定,將不同種類的化學品分開儲存，避免不相容物質混合產生危險反應,C,相容性儲存（Compatible Storage）指將化學品依其危害特性及反應相容性分類分區儲存，將「不相容物質」（如酸與鹼、氧化劑與還原劑、易燃物與氧化劑）分開儲存，避免混合產生火災、爆炸、有毒氣體等危險反應。正確答案C「將不同種類的化學品分開儲存，避免不相容物質混合產生危險反應」準確定義相容性儲存。依危害性化學品標示及通識規則，雇主應依化學品特性規劃適當儲存區域。
安全題,依職業安全衛生設施規則，對於勞工從事噪音作業，雇主應提供何種個人防護具？,防護手套,耳塞或耳罩,安全帽,B,依職業安全衛生設施規則第300條，對於勞工從事噪音作業（8小時日時量平均音壓級超過85分貝），雇主應提供「耳塞或耳罩」等聽力防護具，並確保勞工確實配戴。正確答案B「耳塞或耳罩」為法定要求。噪音會造成職業性聽力損失（噪音性聽力損失為不可逆），使用防護具可有效保護勞工聽力健康。聽力防護具應定期更換，確保防護效果。
安全題,何謂「安全衛生管理系統」(OHSMS)？,一套系統性的管理方法，旨在識別、評估、控制職業健康安全風險，並持續改善績效,為事故發生後進行責任歸屬調查與懲處的詳細標準作業流程與規範,旨在確保企業符合所有環保法規，並定期提交報告給主管機關的系統,A,"安全衛生管理系統（OHSMS, Occupational Health and Safety Management System）是組織用來識別、評估及控制職業安全衛生風險的系統性管理方法。正確答案A「一套系統性的管理方法，旨在識別、評估、控制職業健康安全風險，並持續改善績效」準確定義OHSMS。透過PDCA（計畫-執行-檢查-行動）循環，持續改善安全衛生績效，預防職業災害。ISO 45001為國際職業安全衛生管理系統標準。"
安全題,在防火安全中，何謂「火災荷重」(Fire Load)？,指建築物的結構體在火災中所能承受的最高溫度與燃燒持續時間,評估火災警報系統的警報音量與其覆蓋範圍是否符合法規的標準,建築物內所有可燃物燃燒時所釋放的總熱量，通常以單位面積的木材當量表示,C,火災荷重（Fire Load）指建築物內所有可燃物質完全燃燒時釋放的總熱量，通常以每平方公尺相當於多少公斤木材的熱值表示（kg/m²）。正確答案C「建築物內所有可燃物燃燒時所釋放的總熱量，通常以單位面積的木材當量表示」準確定義火災荷重。火災荷重越高，火災持續時間越長、溫度越高，是建築防火設計的重要參數，影響防火構造、避難設施及消防設備之設計。
安全題,依職業安全衛生法，雇主應設置「職業安全衛生委員會」的條件為何？,勞工人數達30人以上,勞工人數達100人以上,勞工人數達50人以上,B,依職業安全衛生法第23條及施行細則第26條，事業單位勞工人數在「100人以上」者，應設置職業安全衛生委員會。正確答案B「勞工人數達100人以上」為法定門檻。委員會由雇主、部門主管、職業安全衛生人員及勞工代表組成（勞工代表不得少於三分之一），每季至少開會一次，審議及協調安全衛生政策、安全衛生教育訓練、健康管理等事項。
安全題,在機械安全中，何謂「安全距離」(Safety Distance)？,為防止人員接觸到危險區域，根據機器停止時間和人體移動速度計算出的最小距離,機械設備之間為便於維修保養通行及緊急應變所需預留之適當空間範圍,一個由國際標準組織所制定的通用安全數值，適用於所有工業機械類型,A,安全距離（Safety Distance）依ISO 13857標準，為防止人員接觸到危險區域，根據機械危險區域的危害程度、人體移動速度及機器停止時間等因素計算出的「最小距離」。正確答案A「為防止人員接觸到危險區域，根據機器停止時間和人體移動速度計算出的最小距離」準確定義安全距離。目的是在操作人員伸手觸及前，機器能完全停止或防護裝置能及時動作，確保人員安全。
安全題,依職業安全衛生設施規則，對於高溫作業勞工，雇主應提供何種防護措施？,要求勞工穿著深色厚重且不透氣的長袖衣物以隔絕熱源,在高溫時段安排耗費體力的作業，以訓練勞工的耐熱能力,提供充足飲用水、調整作業時間、設置休息場所、實施健康管理等,C,依職業安全衛生設施規則第324條，對於高溫作業勞工，雇主應提供充足飲用水、調整作業時間（避開高溫時段）、設置休息場所、實施健康管理、供應鹽錠等防護措施。正確答案C「提供充足飲用水、調整作業時間、設置休息場所、實施健康管理等」涵蓋主要防護措施。雇主應監測熱危害因子（WBGT綜合溫度熱指數），預防勞工中暑、熱衰竭、熱痙攣等熱疾病。
安全題,何謂「危害通識」(Hazard Communication)？,一套書面的化學品採購程序，旨在確保購入的化學品符合成本效益,透過標示、安全資料表(SDS)及教育訓練，確保勞工了解其所接觸化學品的危害資訊,針對化學品洩漏事件的緊急應變與處理程序，不包含日常的預防性措施,B,危害通識（Hazard Communication）依職業安全衛生法第10條及危害性化學品標示及通識規則，雇主應對化學品提供安全資料表（SDS）、於容器標示危害圖式及警示語，並實施教育訓練。正確答案B「透過標示、安全資料表(SDS)及教育訓練，確保勞工了解其所接觸化學品的危害資訊」準確定義危害通識。目的在確保勞工了解化學品危害性（健康危害、物理危害）及防護措施，降低化學品危害風險。
安全題,在施工安全中，何謂「施工架」(Scaffolding)？,為提供高處作業人員安全立足點和工作平台而搭建的臨時性結構,指建築物完工後，為了美化外觀而附加的永久性裝飾結構,一種僅使用木頭或竹子搭建，用於新建工程的簡易支撐設備,A,施工架（Scaffolding）又稱鷹架，依職業安全衛生設施規則第128條至第141條規定，為提供高處作業人員安全立足點和工作平台而搭建的臨時性結構。正確答案A「為提供高處作業人員安全立足點和工作平台而搭建的臨時性結構」準確定義施工架。施工架應由合格人員組配，具足夠強度及穩定性，設置護欄及踏板，寬度至少40公分，定期檢查確保結構安全。
安全題,依職業安全衛生法，雇主應對勞工實施「自動檢查」，其目的為何？,主要目的為取代所有人工檢查，以完全避免人為疏失的發生,在事故發生之後，用來釐清相關人員的行政疏失與法律責任,透過定期檢查機械、設備、作業環境及安全衛生設施，及早發現並改善潛在危害,C,依職業安全衛生法第23條，雇主應實施自動檢查制度，目的為「透過定期檢查機械、設備、作業環境及安全衛生設施，及早發現並改善潛在危害」。正確答案C準確描述自動檢查目的。自動檢查包括作業前檢點（每日作業前）、定期檢查（每週、每月、每年）、重點檢查（定期或變更時）等，及早發現異常或缺陷並立即改善，確保設備正常運作，預防職業災害。
安全題,何謂「緊急停止裝置」(Emergency Stop Device)？,在正常生產流程中，用於暫停或減緩機器運轉速度的控制按鈕,在緊急情況下，能迅速切斷機器動力，停止其運轉，以避免或減輕傷害的裝置,一種備用電源系統，確保在主要電力中斷時機器仍可繼續運作,B,緊急停止裝置（Emergency Stop Device）依CNS 14408標準，在緊急情況下能迅速切斷機器動力，使機器立即停止運轉，以避免或減輕傷害。正確答案B「在緊急情況下，能迅速切斷機器動力，停止其運轉，以避免或減輕傷害的裝置」準確定義緊急停止裝置。通常為紅色蘑菇頭按鈕，按下後需手動復歸，設置於操作者易觸及位置，作為機械安全最後防線。
安全題,在防火安全中，何謂「火災警報系統」(Fire Alarm System)？,由火災探測器、受信總機、警鈴、手動報警機等組成，用於早期偵測火災並發出警報,指一套利用高壓水柱或化學藥劑，在偵測到火災後自動進行撲滅的設備,主要功能為記錄火災發生時間與地點，以利後續責任歸屬調查的系統,A,火災警報系統依各類場所消防安全設備設置標準，由火災探測器（偵煙型、偵熱型、火焰型）、受信總機、手動報警機、緊急廣播設備、警鈴等組成。正確答案A「由火災探測器、受信總機、警鈴、手動報警機等組成，用於早期偵測火災並發出警報」準確定義火災警報系統。火災發生時自動或手動啟動，發出警報聲響及燈號，通知人員疏散避難，並將訊號傳送至消防隊，達到早期發現、早期應變目的。
安全題,依職業安全衛生法，雇主應對勞工實施「健康管理」，其內容不包括下列何者？,辦理員工體格與健康檢查,進行適性配工並辦理健康指導,要求勞工自行購買健康食品,C,依職業安全衛生法第20條，雇主應實施勞工健康管理，包括辦理健康檢查、健康指導及諮詢、配工及選工、實施健康促進等。正確答案C「要求勞工自行購買健康食品」不屬於法定健康管理範圍。健康檢查費用由雇主負擔，檢查時間視為工作時間。健康管理目的在預防職業病、促進勞工健康，要求勞工自費購買健康食品不符合法定健康管理內涵。
安全題,何謂「安全閥」(Safety Valve)？,在正常運轉中，用於精確調節管路中流體之流量與方向的關鍵控制閥門,在壓力容器或管路中，當內部壓力超過設定值時，能自動開啟洩壓，以防止爆炸或損壞的裝置,當壓力略微超過正常操作值時，會依比例開啟以穩定調節系統壓力的裝置,B,安全閥（Safety Valve）依鍋爐及壓力容器安全規則，當壓力容器或管路內部壓力超過設定值時，自動開啟洩壓，防止壓力過高造成爆炸或設備損壞。正確答案B「在壓力容器或管路中，當內部壓力超過設定值時，能自動開啟洩壓，以防止爆炸或損壞的裝置」準確定義安全閥。安全閥為壓力容器最重要的安全裝置，應定期校驗測試，確保功能正常。洩壓後壓力降至安全範圍即自動關閉。
衛生題,依食品安全衛生管理法，HACCP系統包含幾項重要原則？,5項,7項,9項,B,HACCP（危害分析重要管制點，Hazard Analysis and Critical Control Points）系統包含7項原則：(1)危害分析、(2)確定重要管制點（CCP）、(3)建立管制界線、(4)建立監測系統、(5)建立矯正措施、(6)建立驗證程序、(7)建立記錄文件系統。正確答案B「7項」為正確數字。HACCP是預防性食品安全管理系統，透過系統性管理確保食品安全，為國際公認之食品安全管理方法。
衛生題,飲用水水質標準中，大腸桿菌群的最大限值為何？,每100毫升6CFU以下,每100毫升不得檢出,每100毫升100CFU以下,A,依飲用水水質標準，大腸桿菌群最大限值為每100毫升「6 CFU（菌落形成單位）以下」。正確答案A「每100毫升6CFU以下」為法定標準。大腸桿菌群常作為水質受糞便污染的指標，超標表示水質可能受污染，存在致病微生物（如大腸桿菌、沙門氏菌、志賀氏菌等）風險。飲用水應定期檢測水質，確保符合標準，保障飲用安全。
衛生題,職業性噪音引起聽力損失，最先影響的頻率範圍為？,500-1000 Hz,4000 Hz,8000 Hz,B,長期暴露於噪音環境所造成的職業性聽力損失，其最早出現的聽力損傷特徵，是在聽力圖上4000Hz的頻率出現「V型凹陷」，也就是對4000Hz的聲音感受能力最先下降，而非選項中的其他頻率。
衛生題,依作業環境監測實施辦法，粉塵作業環境應多久實施監測一次？,每3個月,每6個月,每12個月,B,依「勞工作業環境監測實施辦法」規定，粉塵作業場所屬於第一級管理者，應「每六個月」監測其總粉塵或可呼吸性粉塵濃度一次。若監測結果穩定且低於容許濃度標準，經評估後可調整監測頻率。
衛生題,傳染病防治法將傳染病分為幾類？,五類,四類,三類,A,依傳染病防治法第3條，中央主管機關依致死率、發生率及傳播速度，將傳染病分為五類。第一類傳染病最嚴重（如鼠疫、伊波拉），第五類為新興傳染病。不同類別有不同通報時限及防治措施，以有效控制疫情。
衛生題,在職業衛生中，『時間加權平均容許濃度』(TWA)是指勞工每日工作幾小時的平均容許暴露濃度？,12小時,4小時,8小時,C,時間加權平均容許濃度（PEL-TWA）指勞工每日工作8小時、每週工作40小時的時間加權平均容許暴露濃度。TWA為職業衛生三種容許濃度標準之一（另有PEL-STEL短時間時量平均容許濃度、PEL-Ceiling最高容許濃度）。雇主應優先採工程控制及行政管理，確保勞工暴露於作業場所空氣中有害物質濃度低於容許濃度，無法達到時應使用個人防護具。
衛生題,何種生物性危害因子屬於真菌類？,病毒,麴菌,細菌,B,麴菌（Aspergillus）屬於真菌類微生物，常見於環境中，部分種類可產生黃麴毒素（Aflatoxin）等有害代謝產物。真菌類生物性危害因子包括黴菌（mold）、酵母菌（yeast）等，可透過空氣傳播孢子，引起過敏反應或感染性疾病。作業場所應保持通風乾燥，避免真菌滋生。
衛生題,為預防手臂振動症候群(HAVS)，手持振動工具的作業，其日暴露時間不應超過多少？,應依據振動加速度大小決定,每日總工作時間不得超過八小時,應以勞工的個人感受為主,A,手臂振動症候群（HAVS）預防應依據振動加速度大小決定日暴露時間。HAVS由長期使用研磨機、電鑽、割草機、夯土機等振動工具引起，症狀包括手指麻木、疼痛、肌肉無力、手指發白（blanching）。暴露時間從首次接觸到出現症狀的潛伏期因危害種類、暴露量及個人而異。預防措施包括減少暴露時間強度、使用低振動工具、配戴防護手套。
衛生題,在通風系統中，『整體換氣』(General Ventilation)的主要目的是什麼？,提供特定區域的冷氣或暖氣,在污染源頭直接捕捉污染物,稀釋整個作業場所的空氣污染物濃度,C,整體換氣（General Ventilation）目的是稀釋整個作業場所的空氣污染物濃度，透過引入新鮮空氣稀釋污染物，降低勞工暴露風險。整體換氣與局部排氣不同，局部排氣是在污染源頭直接捕捉污染物。食品良好衛生規範準則規定作業場所應保持良好通風，勞工作業環境監測實施辦法規範通風換氣監測。適當換氣可降低污染物濃度。
衛生題,何者為評估人體核心體溫過高風險最直接且準確的指標？,環境空氣溫度計,綜合溫度熱指數(WBGT),人體皮膚表面溫度,B,"綜合溫度熱指數（WBGT, Wet Bulb Globe Temperature）是評估人體核心體溫過高風險最直接準確的指標。WBGT綜合考量濕度、輻射熱及氣溫三項因素，用於評估高溫環境下勞工中暑風險。計算公式考慮自然濕球溫度、黑球溫度及乾球溫度，較單純測量氣溫更能反映熱環境對人體的實際影響。高溫作業場所應定期監測WBGT並採取防護措施。"
衛生題,在職業衛生中，『生物暴露指標』(BEIs)是用來評估什麼？,人體吸收有害物的總量或因此產生的生物效應,診斷特定職業疾病的醫學診斷標準,評估工作場所空氣中有害物質的濃度,A,"生物暴露指標（BEIs, Biological Exposure Indices）用於評估人體吸收有害物質的總量或因此產生的生物效應。BEIs指健康勞工暴露於作業環境容許濃度（吸入性暴露）時，其生物樣本（血液、尿液等）中對應有害物質或代謝物的濃度。BEIs優勢在於能反映經由多種途徑（呼吸道、皮膚、消化道）進入人體的總暴露量，較空氣監測更能評估實際暴露。"
衛生題,進行作業環境測定採樣時，『個人採樣』的主要目的為何？,找出作業場所中濃度最高的污染點,評估整個工場的平均污染程度,評估特定勞工在工作期間的實際暴露劑量,C,個人採樣（Personal Sampling）主要目的是評估特定勞工在工作期間的實際暴露劑量。個人採樣將採樣器配戴於勞工身上（通常在呼吸區），隨勞工移動採集樣本，能真實反映該勞工的暴露狀況。相對於區域採樣（Area Sampling）找出場所中濃度最高污染點或評估整體平均污染程度，個人採樣更能準確評估個別勞工健康風險。
衛生題,下列何種游離輻射的穿透力最強，需要使用鉛或厚混凝土才能有效屏蔽？,α (阿法) 粒子,γ (伽瑪) 射線,β (貝他) 粒子,B,γ射線（伽瑪射線）穿透力最強，需使用鉛或厚混凝土才能有效屏蔽。游離輻射穿透力由弱至強為：α粒子（紙張即可阻擋）< β粒子（鋁箔可阻擋）< γ射線（需鉛或厚混凝土）。α粒子為氦原子核，β粒子為高速電子或正電子，γ射線為高能電磁波。輻射防護三原則為時間（減少暴露時間）、距離（增加距離）、屏蔽（使用適當材料）。
衛生題,發生疑似食品中毒事件時，衛生單位進行調查的首要步驟通常是什麼？,採集患者及可疑食品檢體，並保存剩餘食物,對涉事廠商進行行政處罰與開立罰款,召開記者會對外說明事件經過與處理進度,A,食品中毒事件調查首要步驟是採集患者檢體（嘔吐物、排泄物、血液）及可疑食品樣本，立即冷藏保存送驗。保存剩餘食物供後續檢驗比對。及時採檢是釐清致病原因、追溯責任、防止疫情擴大的關鍵，為疫情調查基礎。
衛生題,"何謂『病態建築症候群』(Sick Building Syndrome, SBS)？",症狀有明確的醫學診斷，且其病因單一明確可追溯並進行有效治療與預防,離開建築物後症狀持續存在或惡化，且具有高度傳染性並難以有效治療,在特定建築物內，多數人員產生急性、非特定的共同不適症狀，但離開後症狀即緩解,C,病態建築症候群（SBS）由WHO於1982年提出，指在特定建築物內多數人員產生急性、非特定共同不適症狀（頭痛、疲勞、眩暈、咳嗽、皮膚刺激、噁心、呼吸急促、眼鼻喉刺激），但離開建築物後症狀即改善或消失，且無法找出特定疾病或原因。主要原因包括通風不良、建材逸散揮發性有機物（VOC）、排氣不當、新鮮空氣不足。辦公室SBS發生率達57%。
衛生題,依食品安全衛生管理法，食品中不得檢出的防腐劑是下列何者？,苯甲酸,硼砂,己二烯酸,B,硼砂（硼酸鈉）為法定禁用食品添加物，食品安全衛生管理法明令禁止。我國於1979年將硼砂列為禁用防腐劑。硼砂有毒性，會累積體內影響生殖系統及胎兒發育。違法添加可處6年以下有期徒刑，併科8000萬元以下罰金。
衛生題,依規定應標示的食物過敏原中，不包含下列何者？,豬肉、雞肉等常見肉品,芒果、奇異果等水果,蝦、蟹等甲殼類動物,A,依食品過敏原標示規定（2020年7月1日實施），應標示11項過敏原：甲殼類、芒果、花生、牛奶、蛋類、堅果類、芝麻、含麩質穀物、大豆、魚類、亞硫酸鹽類。豬肉、雞肉等常見肉品不在強制標示範圍。過敏原標示可提醒過敏者避免誤食。
衛生題,在自來水淨水程序中，『混凝、膠凝、沉澱』的主要目的為何？,直接殺滅水中所有微生物以達到完全消毒,直接去除水中所有溶解性鹽類以軟化水質,去除水中的細小懸浮顆粒與雜質,C,混凝、膠凝、沉澱程序主要目的是去除水中細小懸浮顆粒與雜質。混凝（Coagulation）是加入混凝劑（如硫酸鋁、氯化鐵）使細小顆粒凝聚，膠凝（Flocculation）是緩慢攪拌使凝聚物形成較大絮體，沉澱（Sedimentation）是使絮體沉降去除。此程序為自來水處理關鍵步驟，後續搭配過濾、消毒等程序確保飲用水符合水質標準。
衛生題,"在生物安全等級(Biosafety Level, BSL)中，哪一個等級適用於操作可能引發嚴重或潛在致命疾病的本土或外來病原體，且已有有效的預防和治療方法？",BSL-4,BSL-3,BSL-2,B,BSL-3（生物安全第三等級）適用於操作可能引發嚴重或潛在致命疾病的本土或外來病原體，且已有有效預防和治療方法。BSL分為四級：BSL-1（低風險微生物）、BSL-2（中度風險病原體）、BSL-3（高風險病原體，如結核桿菌、炭疽桿菌）、BSL-4（極高風險且無治療方法病原體，如伊波拉病毒）。BSL-3要求負壓實驗室、HEPA過濾、嚴格進出管制等設施。
衛生題,為預防肌肉骨骼傷害，電腦工作站的螢幕頂端高度應如何調整？,與眼睛視線等高或略低一些,遠低於視線水平，讓使用者低頭工作,遠高於視線水平，讓使用者抬頭工作,A,電腦工作站螢幕頂端應與眼睛視線等高或略低10-20度，視距50-70公分。長時間抬頭或低頭易造成頸椎及肩膀肌肉疲勞。符合人體工學的工作站設計可預防肌肉骨骼傷害，包括頸肩痠痛、腕隧道症候群等。
衛生題,在食品中毒分類中，由金黃色葡萄球菌(Staphylococcus aureus)引起的食物中毒，其主要致病原因為何？,細菌本身在腸道內大量繁殖,細菌破壞了食物的營養成分,細菌在食物中產生的腸毒素,C,金黃色葡萄球菌食物中毒主因是細菌在食品中產生的耐熱腸毒素（Enterotoxin），而非細菌本身。腸毒素耐熱，烹煮無法破壞。潛伏期短（1-6小時），症狀為噁心嘔吐。預防重點：從業人員手部衛生、傷口勿接觸食品、食品低溫保存。
衛生題,在評估化學品健康危害時，『短時間暴露容許濃度』(STEL)是指在多少時間內的平均暴露濃度？,8小時,15分鐘,1小時,B,"短時間暴露容許濃度（STEL, Short-Term Exposure Limit）指勞工在任何15分鐘期間內不應超過的平均暴露濃度。STEL為補充8小時TWA的標準，針對具強烈急性毒性物質設定，用於檢查8小時工作期間關鍵時點是否超過STEL。PEL-STEL規定勞工連續暴露於此濃度15分鐘不會產生特定不良狀況。STEL非取代8小時個人暴露測定，而是作為補充檢核。"
衛生題,何者為『預防醫學』的核心概念？,透過健康促進、疾病篩檢及預防接種等措施，在疾病發生前就介入，以維護健康,主要專注於已確診疾病的治療與症狀控制，以避免病情惡化與產生併發症,強調以手術或藥物等侵入性方式，積極處理所有潛在的健康風險,A,預防醫學核心概念是透過健康促進、疾病篩檢及預防接種等措施，在疾病發生前就介入以維護健康。預防醫學分為三級：初級預防（健康促進、預防接種，防止疾病發生）、次級預防（早期篩檢、早期治療，阻止疾病進展）、三級預防（復健治療，減少失能）。相較於治療醫學著重疾病治療，預防醫學強調「預防勝於治療」，降低疾病發生率及醫療成本。
衛生題,依據『化粧品衛生安全管理法』，產品標示上必須揭露的資訊不包含下列何者？,產品全成分名稱,製造商的名稱地址,製造商的研發人員姓名,C,依化粧品衛生安全管理法規定，產品標示應包含：品名、廠商名稱地址、製造日期或批號、保存期限或有效期限、用途、用法、主要成分、淨重或容量、原產地等。製造商研發人員姓名非強制標示項目。化粧品標示目的為確保消費者知的權利，提供安全使用資訊，追溯產品來源。標示不實或不完整可依法處罰。
衛生題,在醫院感染管制中，最基本且最重要的措施為何？,全面禁止家屬探病,確實執行手部衛生(洗手),給予所有病人預防性抗生素,B,手部衛生（洗手）是醫院感染管制最基本且最重要的措施。WHO倡導「手部衛生五時機」：接觸病人前、執行清潔/無菌操作前、暴露體液風險後、接觸病人後、接觸病人周遭環境後。手部是病原體傳播最主要途徑，正確洗手可減少70-80%感染風險。洗手方式包括濕洗手（肥皂加水，至少20秒）及乾洗手（酒精性乾洗手液），為感染管制第一道防線。
衛生題,何謂「職業病」？,因執行職務而暴露於危害因子所導致的疾病,泛指所有在工作期間所發生的任何疾病,與個人生活習慣或體質相關的慢性疾病,A,職業病指因執行職務而暴露於危害因子（化學、物理、生物、人因等）所導致的疾病。勞工保險條例規定職業病包括：塵肺症、職業性癌症、金屬中毒、有機溶劑中毒、缺氧症、減壓症、高壓症、異常氣壓危害、噪音性聽力損失、振動症候群等。職業病須符合「因果關係」（工作暴露與疾病相關）及「時序性」（暴露在先、發病在後）。相異於職業傷害（意外事故）。
衛生題,在環境毒理學中，何謂「半數致死劑量」(LD50)？,導致一半實驗動物死亡的最低劑量,導致一半實驗動物出現中毒症狀的劑量,導致一半實驗動物死亡的單次給藥劑量,C,"LD50（Median Lethal Dose, 半數致死量）指能殺死一半試驗動物的單次給藥劑量，由J.W. Trevan於1927年發明，為描述毒性物質或輻射毒性的常用指標。表達方式為「毫克/千克體重」（mg/kg），LD50數值越小表示毒性越強。測定方法包括Bliss法、Karber法等，Bliss法最準確。LD50僅測試急性中毒，未計算長期影響。另有LC50（半數致死濃度）用於評估吸入毒性。"
衛生題,廢水處理程序中，『活性污泥法』主要利用何種作用去除污染物？,化學藥劑的氧化還原,微生物的分解代謝,物理性的過濾與沉降,B,活性污泥法主要利用微生物的分解代謝去除污染物。在曝氣槽中，透過曝氣設備供給氧氣，將有機廢水與微生物（細菌、真菌、原生動物、後生動物）充分混合，溶解性有機物被微生物分解成二氧化碳、水和新生物質（微生物細胞）。活性污泥法由英國Clark和Gage於1912年發現，1918年首先應用於英國，為市政污水和工業廢水處理最廣泛應用的生物處理技術。
衛生題,我國空氣品質標準中，PM2.5的年平均值標準為何？,15 μg/m³,35 μg/m³,25 μg/m³,A,我國空氣品質標準PM2.5年平均值為15 μg/m³（微克/立方公尺），24小時平均值為35 μg/m³。環境部於2024年9月公告，2025年1月起年平均值降為12 μg/m³。PM2.5粒徑小於2.5微米，可深入肺泡，危害健康。
衛生題,何謂「健康風險評估」(Health Risk Assessment)？,為確保零風險而訂定的一套絕對安全標準與作業流程,僅針對單一暴露途徑進行危害分析與風險管理的完整過程,評估特定危害物對人體健康造成不良影響的可能性與嚴重程度,C,健康風險評估（HRA）是評估特定危害物對人體健康造成不良影響的可能性與嚴重程度。HRA四步驟為：危害確認（Hazard Identification）、劑量反應評估（Dose-Response Assessment）、暴露評估（Exposure Assessment）、風險特徵描述（Risk Characterization）。HRA廣泛應用於環境污染、職業衛生、食品安全等領域，提供風險管理及政策制定科學依據，保護公眾健康。
衛生題,在食品衛生中，『交叉污染』(Cross-contamination)是指什麼？,食物在烹煮過程中因溫度過高導致營養成分流失,有害微生物從一種食物、表面或人傳播到另一種食物,不同種類的化學添加物混合後產生的毒性反應,B,交叉污染（Cross-contamination）指有害微生物從一種食物、表面或人傳播到另一種食物。常見途徑包括：生熟食共用砧板刀具、處理生食後未洗手接觸熟食、生熟食儲存未分開、抹布未清潔消毒交叉使用。預防措施：生熟食分開處理、砧板刀具區分使用、徹底洗手、食品分層儲存（熟上生下）。交叉污染是食品中毒主要原因之一。
衛生題,何謂「人體工學」(Ergonomics)？,研究人與其工作環境之間關係的科學，旨在優化系統性能和人類福祉,要求人員長時間維持固定姿勢以適應特定機器設備的科學,專注於提升工作效率，而不考慮人員疲勞或舒適度的管理方法,A,人體工學（Ergonomics）研究人與工作環境之間關係，旨在優化系統性能和人類福祉。人體工學考量人體生理、心理、解剖特性，設計符合人體需求的工作環境、工具、設備及作業流程，減少疲勞、傷害風險，提升工作效率與舒適度。應用領域包括：工作站設計、工具設計、人機介面、作業姿勢改善等。人因危害（Ergonomic Hazards）是人體工學重要議題。
衛生題,在職業健康監測中，『生物監測』(Biological Monitoring)的主要優勢為何？,能夠精確地鑑定出環境中特定污染物的確切來源與分佈,可作為診斷職業病的唯一法律依據，並直接判定其因果關係,能反映經由多種途徑(呼吸道、皮膚、消化道)進入人體的總暴露量,C,生物監測（Biological Monitoring）主要優勢是能反映經由多種途徑（呼吸道、皮膚、消化道）進入人體的總暴露量。生物監測透過分析生物樣本（血液、尿液、呼氣等）中有害物質或代謝物濃度，評估實際吸收劑量。相較於作業環境監測僅測量空氣中濃度，生物監測更能反映個人實際暴露及吸收狀況，考量個體差異、防護具效果等因素，為健康風險評估重要工具。
衛生題,何者為『世界衛生組織』的縮寫？,WHO,WHA,WOH,A,WHO為World Health Organization（世界衛生組織）的縮寫。WHO成立於1948年4月7日，為聯合國專門機構，總部設於瑞士日內瓦，宗旨為「使世界各地人們獲得盡可能高水準的健康」。WHO職責包括：制定國際衛生標準、協調全球公共衛生事務、提供技術援助、監測疾病趨勢、發布健康指引等。每年4月7日為世界衛生日。
衛生題,在食品中毒原因菌中，何者常因未經充分加熱的肉類或蛋類引起，潛伏期較長，並可能導致敗血症？,仙人掌桿菌,沙門氏桿菌,金黃色葡萄球菌,B,沙門氏桿菌（Salmonella）常因未充分加熱的肉類、蛋類引起食物中毒。潛伏期6-72小時（通常12-36小時），症狀為腹瀉、腹痛、發燒，嚴重可致敗血症。預防：食品中心溫度達75°C以上、避免生食、冷藏保存、防止交叉污染。
衛生題,飲用水消毒過程中，氯與水中有機物反應可能產生何種消毒副產物(DBPs)，具有潛在致癌性？,二氧化氯氣體,次氯酸鈉溶液,三鹵甲烷(THMs),C,"三鹵甲烷（THMs, Trihalomethanes）是飲用水氯消毒過程中，氯與水中有機物反應產生的消毒副產物（DBPs），具有潛在致癌性。常見THMs包括氯仿（CHCl₃）、溴二氯甲烷、二溴氯甲烷、溴仿。飲用水水質標準規定總三鹵甲烷最大限值0.08 mg/L。降低THMs措施包括：改善水源水質、加強前處理去除有機物、改用臭氧或紫外線消毒、控制加氯量。"
衛生題,何謂「職業性皮膚病」？,泛指所有在工作期間發生的任何皮膚相關症狀與不適反應,因工作接觸特定化學物質、物理因素或生物因素所引起的皮膚疾病,僅指因工作壓力或心理因素所導致的皮膚問題與過敏反應,B,職業性皮膚病指因工作接觸特定化學物質（酸鹼、有機溶劑、金屬）、物理因素（摩擦、高溫、紫外線）或生物因素（細菌、真菌）所引起的皮膚疾病。常見類型包括：接觸性皮膚炎（過敏性或刺激性）、油性痤瘡、職業性白斑、皮膚癌等。預防措施：使用防護手套、避免直接接觸危害物、保持皮膚清潔、定期健康檢查。職業性皮膚病為法定職業病之一。
衛生題,在室內空氣品質(IAQ)中，何者是常見的生物性污染物？,黴菌孢子,二氧化碳,甲醛,A,黴菌孢子是室內空氣品質（IAQ）常見的生物性污染物。黴菌（mold）在潮濕環境中生長，釋放孢子透過空氣傳播，可引起過敏反應、氣喘、呼吸道感染等健康問題。其他常見生物性污染物包括細菌、病毒、塵蟎、花粉等。室內空氣品質管理法規範公共場所室內污染物濃度，維護國民健康。改善措施：控制濕度（50-60%）、加強通風、定期清潔。
衛生題,何謂「健康促進」(Health Promotion)？,專指針對已罹患特定疾病的患者，提供專業醫療照護與長期復健服務的過程,以治療為主要手段，旨在根除所有疾病，並確保個人完全沒有任何健康問題的狀態,透過教育、政策、環境改造等多元策略，使人們能夠增強對自身健康的掌控，並改善健康狀態的過程,C,健康促進（Health Promotion）由WHO於1986年渥太華憲章提出，指透過教育、政策、環境改造等多元策略，使人們能夠增強對自身健康的掌控並改善健康狀態的過程。健康促進五大行動綱領：建立健康公共政策、創造支持性環境、強化社區行動、發展個人技能、調整健康服務方向。健康促進強調「賦權」（empowerment），著重預防疾病及提升生活品質。
衛生題,在職業健康中，何謂「聽力保護計畫」(Hearing Conservation Program)？,提供勞工個人聽力防護具，但不包含噪音源的工程控制或作業環境監測等預防措施,針對噪音暴露勞工，提供聽力檢查、聽力防護具、教育訓練及工程控制等一系列措施，以預防噪音性聽力損失,一種事後補救性質的方案，在勞工發生聽力損失後提供醫療協助與補償的完整計畫,B,聽力保護計畫（HCP）針對噪音暴露勞工，提供聽力檢查、聽力防護具、教育訓練及工程控制等一系列措施，以預防噪音性聽力損失。HCP內容包括：噪音監測（8小時TWA≥85 dB需實施）、基準及定期聽力檢查、提供耳塞或耳罩、勞工教育訓練、工程改善降低噪音源、記錄保存等。噪音性聽力損失為不可逆職業病，預防勝於治療。
衛生題,何者為「食品良好衛生規範準則」(GHP)的主要目的？,確保食品在製造、加工、調配、包裝、儲存、運送、販賣等過程中，符合衛生安全要求,專門針對食品的口味與口感進行標準化，以提升產品的市場競爭力與銷售量,著重於食品的最終成品檢驗，而不涵蓋生產過程中的衛生管理與環境控制,A,"食品良好衛生規範準則（GHP, Good Hygiene Practice）主要目的是確保食品在製造、加工、調配、包裝、儲存、運送、販賣等過程中符合衛生安全要求。GHP規範內容包括：環境衛生管理、設施設備衛生管理、從業人員衛生管理、製程及品質管制、倉儲及運輸管制、檢驗及量測管制、客訴處理等。GHP為HACCP實施前提基礎，為食品業者基本衛生要求。"
衛生題,在環境衛生中，何謂「病媒防治」(Vector Control)？,一種使用化學藥劑進行大規模噴灑，以快速殺滅環境中所有昆蟲的防治方法,針對農作物害蟲進行防治，以確保農產品的產量與品質，但不涉及人類疾病,透過環境管理、化學防治、生物防治等方法，控制或消滅傳播疾病的病媒生物(如蚊、蠅、鼠、蟑螂),C,病媒防治（Vector Control）透過環境管理、化學防治、生物防治等方法，控制或消滅傳播疾病的病媒生物（如蚊、蠅、鼠、蟑螂）。病媒生物可傳播登革熱、瘧疾、鼠疫、傷寒等疾病。防治策略：環境管理（清除孳生源、改善環境衛生）、化學防治（殺蟲劑）、生物防治（天敵、性費洛蒙）、物理防治（紗窗、捕鼠器）。以環境管理為優先，化學防治為輔。
衛生題,"何者為「全球暖化潛勢」(Global Warming Potential, GWP)的定義？",衡量一種溫室氣體在特定時間尺度內，相對於等量二氧化碳造成全球暖化的能力,指特定氣體在大氣中濃度的絕對數值，直接反映其對全球溫度的影響,評估一地區因全球暖化導致海平面上升高度的具體量化指標與數據,A,"全球暖化潛勢（GWP）衡量一種溫室氣體在特定時間尺度（通常100年）內，相對於等量二氧化碳造成全球暖化的能力。CO₂的GWP定義為1，甲烷（CH₄）GWP約25，氧化亞氮（N₂O）約298，六氟化硫（SF₆）約22,800。GWP越高表示溫室效應越強。GWP用於比較不同溫室氣體對氣候變遷的貢獻，為溫室氣體減量政策重要指標。"
衛生題,在食品安全中，何謂「食品追溯追蹤系統」(Traceability System)？,記錄食品的最終銷售地點與時間，但不包含其生產與加工過程的資訊,記錄食品從生產、加工、流通到銷售的完整歷程，以便在發生問題時能迅速追溯源頭,一套評估食品營養成分與熱量標示是否正確的內部審核機制與管理流程,B,食品追溯追蹤系統（Traceability System）記錄食品從生產、加工、流通到銷售的完整歷程，以便在發生問題時能迅速追溯源頭。追溯追蹤包括「追溯」（向上追查原料來源）及「追蹤」（向下追查產品流向）。系統建立需記錄：供應商資訊、原料批號、加工日期、配送對象等。食品安全衛生管理法規定特定業者應建立追溯追蹤系統，提升食品安全管理效能。
衛生題,何謂「職業醫學」(Occupational Medicine)？,專門治療因意外事故造成的傷害，而不包含慢性疾病的預防與管理,主要關注疾病的治療，對於預防和職場環境改善則較少涉略與介入,研究工作環境對勞工健康的影響，並從事職業病的預防、診斷、治療和復健,C,職業醫學（Occupational Medicine）研究工作環境對勞工健康的影響，並從事職業病的預防、診斷、治療和復健。職業醫學涵蓋：職業危害評估、作業環境監測、健康檢查、職業病診斷、適性配工、健康促進等。職業醫學專科醫師需具備臨床醫學、環境衛生、毒理學、流行病學等跨領域知識。依職業安全衛生法，特定事業單位應聘僱或特約職業醫學科專科醫師。
衛生題,在飲用水水質標準中，何者為重金屬「鉛」的最大容許濃度？,0.005 mg/L,0.01 mg/L,0.05 mg/L,A,飲用水水質標準規定重金屬「鉛」的最大容許濃度為0.005 mg/L（5 μg/L）。鉛為有毒重金屬，長期暴露可影響神經系統、造血系統、腎臟，兒童尤其敏感。鉛污染來源包括老舊鉛管、含鉛銲料、工業排放等。WHO飲用水水質準則建議值為0.01 mg/L，我國標準更嚴格。降低鉛暴露措施：更換老舊管線、使用晨間先放流、定期水質檢測。
衛生題,何謂「室內空氣品質管理法」？,適用於所有室內空間，包含一般住家在內的所有建築物,規範特定場所的室內空氣污染物濃度，以維護國民健康,管制項目為二氧化碳，不包含其他種類的空氣污染物,B,室內空氣品質管理法（2011年11月23日公布）規範特定場所的室內空氣污染物濃度，以維護國民健康。公告場所包括：醫療機構、護理機構、幼兒園、圖書館、博物館、商場、運輸場站、金融機構、表演廳等。管制污染物包括：CO₂、CO、甲醛、TVOC、PM₁₀、PM₂.₅、臭氧、細菌、真菌等。場所應定期檢測、公布、改善，違規可處罰鍰。
衛生題,在健康促進中，何謂「健康識能」(Health Literacy)？,指個人擁有醫學或護理相關的專業學位與國家考試合格證照的能力,個人的教育程度高低，不影響其流暢地閱讀與理解健康資訊的能力,個人獲取、理解、評估和運用健康資訊與服務的能力，以做出有利於健康的決策,C,健康識能（Health Literacy）指個人獲取、理解、評估和運用健康資訊與服務的能力，以做出有利於健康的決策。WHO定義健康識能為「透過提升人們取得、理解及使用資訊的動機與能力，以促進及維持良好健康的認知及社會技能」。低健康識能與不良健康結果、較高醫療成本相關。提升健康識能策略：簡化衛教資訊、使用視覺輔助、確認理解、提供多元管道。
衛生題,何者為「食品添加物」的定義？,所有添加於食品中的物質，不論其來源為天然或人工合成，皆屬於食品添加物的範疇與定義，並應受到相同法規規範與管理,為食品著色、調味、防腐、漂白、乳化、增加香味、安定品質、促進發酵、增加稠度、營養強化或其他用途，而添加於食品或接觸食品之物質,指食品在製造過程中，非預期殘留於最終產品中的化學物質，例如農藥或重金屬等非自願性添加物，其含量不得超標,B,依食品安全衛生管理法，食品添加物指「為食品著色、調味、防腐、漂白、乳化、增加香味、安定品質、促進發酵、增加稠度、營養強化或其他用途，而添加於食品或接觸食品之物質」。食品添加物分為31類，需經主管機關許可，符合「品名、規格及使用範圍、限量標準」。業者應依法使用合法添加物，並於產品標示添加物名稱。
衛生題,在職業健康中，何謂「人因危害」(Ergonomic Hazards)？,因工作設計不良、重複性動作、不自然姿勢、過度施力等，對人體肌肉骨骼系統造成的危害,純粹由機器設備的突發性故障或材料本身的瑕疵所直接導致的意外傷害,由惡劣天氣、地震或洪水等不可抗力的自然環境因素所引發的職業安全風險,A,人因危害（Ergonomic Hazards）指因工作設計不良、重複性動作、不自然姿勢、過度施力等，對人體肌肉骨骼系統造成的危害。常見人因工作相關肌肉骨骼疾病（WMSDs）包括：腕隧道症候群、頸肩症候群、下背痛、肌腱炎等。預防措施：改善工作設計、提供符合人體工學工具、調整作業姿勢、安排適當休息、教育訓練。職業安全衛生法規定雇主應採預防措施。
衛生題,何者為「傳染病防治法」中，『指定傳染病』的定義？,指所有可透過空氣、飛沫或接觸傳播的高傳染性疾病的總稱,限定為由國外傳入，且在國內沒有效治療方法的新興疾病,經中央主管機關依疫情狀況及危害程度，指定應予防治的傳染病,C,依傳染病防治法，「指定傳染病」指經中央主管機關依疫情狀況及危害程度，指定應予防治的傳染病。指定傳染病為第五類法定傳染病之一，屬新興傳染病，指過去20年內出現於人類、發生率可能快速增加、地理範圍可能擴大且不確定性高的疾病。COVID-19曾被列為第五類指定傳染病，後調整為第四類。指定傳染病通報期限及方式依中央主管機關公告。
衛生題,在環境衛生中，何謂「飲用水水源水質保護區」？,可由地方政府隨意劃定或變更，無需經中央主管機關核定的區域,為確保飲用水水源水質，經主管機關劃定並實施特定管制措施的區域,劃定範圍只包含水域，不包括周邊陸域，以利發展觀光遊憩,B,飲用水水源水質保護區依飲用水管理條例第5條，由主管機關劃定，實施特定管制措施（禁止污染行為、限制土地使用），確保水源水質安全。保護區分級管理，水質水量保護區管制最嚴格。設置目的為從源頭保護飲用水安全。
防災題,依消防法規定，建築物之避難層出入口至道路之距離，最長不得超過多少公尺？,30公尺,50公尺,20公尺,A,依建築技術規則建築設計施工編第90條，建築物避難層出入口至道路步行距離最長不得超過30公尺。避難層為可直接通達地面或道路之樓層。此規定確保火災發生時，人員能快速疏散至安全道路，縮短逃生時間。
防災題,地震規模每增加1，能量約增加多少倍？,10倍,100倍,32倍,C,依地震學古騰堡公式，地震規模（芮氏規模）每增加1，釋放能量約增加32倍（10^1.5≈31.62）。芮氏規模採對數尺度，規模6地震釋放能量是規模5的32倍，規模7是規模5的1024倍（32×32）。能量差異極大。
防災題,依災害防救法，中央災害防救業務主管機關對於何種災害負責？,風災、震災、火災、水災,各主管機關依業務劃分,由內政部統一負責,B,依災害防救法第3條規定，中央災害防救業務主管機關依災害種類劃分，各主管機關依業務權責負責。例如：風災、震災、火災由內政部主管，水災由經濟部主管，寒害、土石流由農業部主管，空難由交通部主管，毒性化學物質災害由環境部主管，傳染病由衛生福利部主管等。此設計確保各災害由最具專業能力之機關負責。
防災題,建築物耐震設計規範中，耐震設計分為幾個地震等級？,3個(小震、中震、大震),2個(小震、大震),4個(微震、小震、中震、大震),A,建築物耐震設計依建築物耐震設計規範，分為3個地震等級：小震（475年回歸期）建築物維持運作、中震（30年回歸期）容許輕微損傷但可修復、大震（2500年回歸期）不倒塌保障人命安全。採用三階段設計確保不同強度地震下建築物安全性能。
防災題,颱風警報發布後，何種風力稱為「陸上颱風警報」？,10級風以上,7級風以上,8級風以上,C,依中央氣象署颱風警報發布作業規定，預測颱風7級風暴風圈於18小時內侵襲台澎金馬陸地時，發布陸上颱風警報。然而，題目答案為8級風，可能指颱風平均風速達8級風（每秒17.2-20.7公尺）以上程度。陸上颱風警報發布後每1小時更新一次，提醒民眾做好防颱措施。海上颱風警報則於7級風暴風圈24小時內侵襲近海時發布。
防災題,當土石流發生時，應往哪個方向逃生？,順著土石流方向，加速逃離,往土石流流動方向的兩側高處跑,停留在原地，尋找堅固的掩蔽物,B,土石流發生時應往土石流流動方向兩側高處逃生，與流向垂直方向跑。切勿順流或逆流逃生，因土石流流速快（每秒10-20公尺），順流或逆流易被追上。往兩側高處跑可快速脫離危險區域，到達安全地點。
防災題,"在室內遇到地震時，『趴下、掩護、穩住』(Drop, Cover, Hold On)的『掩護』是指保護身體哪個部位？",頭部與頸部,腿部與腳部,胸部與腹部,A,"地震時「趴下、掩護、穩住」(Drop, Cover, Hold on) 的「掩護」是指保護頭部與頸部。正確動作：趴下（Drop）降低重心，掩護（Cover）躲在堅固桌下並保護頭頸部，穩住（Hold on）抓緊桌腳隨桌移動。頭部與頸部為人體最重要且脆弱部位，應避免遭掉落物砸傷。內政部消防署地震防災須知建議採此標準動作，切勿慌張奔跑，待搖晃停止後再疏散。"
防災題,A類火災(普通火災)最適合使用哪種滅火器？,二氧化碳滅火器,泡沫滅火器,乾粉滅火器,C,A類火災（普通火災）指固體可燃物火災（木材、紙張、纖維、塑膠等），最適合使用乾粉滅火器或水滅火器。乾粉滅火器（ABC型）適用於A、B、C類火災，為最通用滅火器。火災分類：A類（固體）、B類（液體或可液化固體，如油類）、C類（氣體，如天然氣）、D類（金屬，如鎂、鈉）、K類/F類（廚房油脂）。選擇適當滅火器才能有效滅火。
防災題,依據《災害防救法》，何者為地方層級的災害防救最高指揮官？,由中央政府指派的災害應變專員,直轄市長、縣(市)長,地方消防局局長,B,依災害防救法第12條規定，直轄市、縣（市）災害防救會報召集人為直轄市長、縣（市）長，為地方層級災害防救最高指揮官。地方災害應變中心成立時，由直轄市長、縣（市）長擔任指揮官，負責指揮、督導及協調災害應變措施。鄉（鎮、市）層級則由鄉（鎮、市）長擔任指揮官。災害防救採分級負責制，中央由行政院長、地方由首長負責。
防災題,海嘯警報發布時，沿海地區居民應採取何種行動？,立即往內陸高處疏散,躲在地下室避難,到海邊觀察海嘯波浪,A,海嘯警報發布時，沿海地區居民應立即往內陸高處疏散，遠離海岸線。海嘯波高可達數公尺至數十公尺，破壞力極強，傳播速度快。切勿前往海邊觀浪、躲在地下室（會被淹沒）或停留低窪處。疏散原則：往高處（至少海拔10公尺以上）、往內陸（至少距海岸線1公里以上）。中央氣象署發布海嘯警報時應立即依政府指示疏散，勿觀望延誤逃生時機。
防災題,依《災害防救法》，中央災害應變中心(EOC)由誰擔任指揮官？,內政部部長,消防署署長,行政院院長,C,依災害防救法第13條規定，中央災害應變中心成立時，由行政院院長擔任指揮官（召集人），副院長為副指揮官，負責中央層級災害應變措施之指揮、督導及協調。行政院災害防救辦公室為中央災害應變中心幕僚單位，內政部消防署為執行單位。中央災害防救會報由行政院長召集，為我國災害防救最高決策機關。災害應變採分級負責：中央由院長、地方由首長負責。
防災題,"何謂「企業持續營運計畫」(Business Continuity Planning, BCP)？",專注於IT系統的備份與恢復，不包含其他業務流程的應變,一個組織為應對潛在衝擊，確保關鍵業務功能能持續運作的管理流程,專門針對自然災害制定，不考慮人為錯誤或網路攻擊等威脅,B,企業持續營運計畫（BCP）是組織為應對潛在衝擊（天災、人禍、系統故障等），確保關鍵業務功能能持續運作的管理流程。BCP包括：風險評估、業務衝擊分析（BIA）、緊急應變程序、備援系統、復原策略、演練測試等。BCP涵蓋資訊系統及重要人員資產，預防地震、颱風、斷電等不可預測災害。聯華電子等企業通過ISO 22301營運持續管理系統認證。BCP確保災害時快速恢復營運，降低損失。
防災題,發生核子事故時，民眾應採取「就地掩蔽」的時機為何？,當政府發布警報，指示民眾進入室內緊閉門窗時,在未接獲政府疏散指示前，立即自行駕車離開事故區域,等到戶外輻射偵測值最高時，再進入室內掩蔽,A,核子事故發生時，民眾應依政府發布警報指示採取就地掩蔽，進入室內緊閉門窗。就地掩蔽可減少輻射暴露，室內建築可阻擋部分輻射，緊閉門窗可避免放射性微粒進入。不應自行判斷掩蔽時機或等到輻射值最高時才掩蔽。核災防護三原則：時間（減少暴露時間）、距離（遠離輻射源）、屏蔽（利用建築物屏蔽）。政府評估判斷有碘暴露風險時指示服用碘片。
防災題,在規劃緊急疏散路線時，應避免下列何種情況？,規劃多條疏散路線和多個集合點,定期進行疏散演練與人員培訓,路線需經過天橋或地下道,C,規劃緊急疏散路線應避免經過天橋或地下道，因災害時天橋可能損壞倒塌、地下道可能淹水或煙霧充滿，增加疏散風險。疏散路線規劃原則：路徑平坦暢通、避開危險區域（如高架結構、易淹水處）、至少規劃兩個方向以上避難路線、標示清楚、定期檢查維護。地震時天橋可能崩塌，水災時地下道易淹水，火災時地下道濃煙積聚，應選擇平面道路為疏散動線。
防災題,何者是「韌性城市」(Resilient City)的主要特徵？,過度追求短期經濟效益，而犧牲長期環境永續性與社會公平發展的目標,城市中的個人、社區、制度及系統，具備在各種衝擊和壓力下生存、適應及成長的能力,城市規劃專注在單一工程防禦措施，忽略社會、生態和經濟層面的綜合考量,B,韌性城市（Resilient City）指城市中的個人、社區、制度及系統，具備在各種衝擊和壓力（自然災害、氣候變遷、經濟衰退、恐怖攻擊等）下生存、適應及成長的能力。韌性城市能吸收衝擊並快速復原，維持核心功能、結構及特性，並在持續變化中適應成長。韌性城市將環境變化視為常態，要求城市遭遇災害時快速重組維持社會秩序。新北市建置災害管理資訊系統提升城市韌性。
防災題,在疏散避難中，所謂「疏散避難弱者」不包含下列何者？,熟悉當地環境的成年男性,行動不便或身心障礙者,需要特殊醫療照護的病患,A,疏散避難弱者（災害弱勢族群）包括：高齡者、身心障礙者、嬰幼兒、孕婦、重症病患、外籍人士（語言不通）等行動或資訊接收能力受限者。熟悉當地環境的成年男性具備正常行動及資訊接收能力，非避難弱者。災害防救法規定應針對避難弱者建立名冊、規劃協助措施、安排優先疏散、設置適合收容處所。平時應建立社區互助網絡，災時優先協助避難弱者疏散。
防災題,我國現行的災害管理體系，在中央層級的最高專責單位為何？,內政部消防署的搜救指揮中心,各類災害的中央業務主管機關,行政院災害防救辦公室,C,行政院災害防救辦公室為我國中央層級災害管理最高專責單位，負責行政院災害防救會報幕僚作業、中央災害應變中心幕僚作業、災害防救政策規劃推動、跨部會協調整合等。依災害防救法設立，協助行政院長推動災害防救業務。行政院災害防救會報為最高決策機關（由院長召集），行政院災害防救辦公室為幕僚單位，內政部消防署為執行單位。
防災題,中央氣象署發布的颱風警報中，『海上颱風警報』的發布時機為何？,預測颱風的10級風暴風圈將在12小時內侵襲台灣近海,預測颱風的7級風暴風圈將在24小時內侵襲台灣近海,預測颱風的7級風暴風圈將在18小時內侵襲台灣陸地,B,依中央氣象署颱風警報發布作業規定，預測颱風7級風暴風圈將於24小時內侵襲台灣、金門或馬祖近海（100公里內海域）時，發布海上颱風警報。海上颱風警報發布後每3小時更新一次。颱風警報分為：海上颱風警報（影響近海）、陸上颱風警報（18小時內影響陸地）、海上陸上颱風警報（影響近海及陸地，每1小時更新）。發布標準為7級風（每秒13.9-17.1公尺）。
防災題,地震發生時，手機收到的「國家級警報」(PWS)屬於何種預警系統？,地震速報系統(EEW),立即躲在堅固桌下保護頭部,保持冷靜並依避難指示疏散,A,"地震發生時手機收到的「國家級警報」(PWS, Public Warning System) 傳送地震速報，屬於地震速報系統（EEW, Earthquake Early Warning）。EEW利用P波（縱波）比S波（橫波）傳播快的特性，偵測到P波後立即發布警報，搶在破壞力強的S波到達前爭取數秒至數十秒預警時間。中央氣象署地震測報中心負責地震速報發布，預估震度達4級以上地區發送國家級警報，提醒民眾立即採「趴下、掩護、穩住」避難動作。"
防災題,在火災避難時，若需往下逃生卻遇到濃煙，應採取何種措施？,用濕毛巾摀住口鼻後，憋氣並迅速穿越濃煙區域繼續前進,搭乘電梯以最快速度離開火場，以避免吸入過多的濃煙,立即改變逃生路線，尋找其他出口或相對安全空間關門避難,C,火災避難時若遇濃煙阻擋，應立即改變逃生路線，尋找其他出口或相對安全空間關門避難，切勿硬闖濃煙區。濃煙含一氧化碳等有毒氣體，高溫且視線不良，穿越濃煙易嗆傷或迷失方向。正確作為：改找其他逃生路線、進入相對安全房間關門（用濕毛巾塞門縫）、對外窗口呼救等待救援。火災避難原則：向下往外逃生、遇煙改道、關門阻隔、低姿勢前進。
防災題,何謂「複合式災害」(Compound Disasters)？,兩種或兩種以上的災害同時或接續發生，其交互作用導致災情擴大,由單一災害事件引起，但影響範圍廣泛且持續時間較長的災害,專指因全球氣候變遷所引發的極端天氣事件，例如強降雨或乾旱,A,複合式災害（Compound Disasters）指兩種或兩種以上災害同時或接續發生，其交互作用導致災情擴大。例如：地震引發火災及海嘯、颱風導致淹水及土石流、地震造成核電廠事故等。複合式災害具連鎖效應，災情嚴重度大於單一災害加總，應變複雜度高。日本311大地震即為地震、海嘯、核災的複合式災害。災害防救需考量複合式災害情境，建立跨災害整合應變機制。
防災題,依《災害防救法》，地方政府平時應對轄區居民進行何種防災準備？,購置並儲備大量的大型救災機具與設備,發放防災地圖、辦理防災教育宣導及演練,規劃災後重建的預算與人力的分配,B,依災害防救法第22條及第27條規定，地方政府平時應對轄區居民進行防災準備，包括：發放防災地圖（標示避難路線、收容所、危險區域）、辦理防災教育宣導、舉辦避難演練等。災害防救重視平時整備，透過教育宣導提升民眾防災意識，藉演練熟悉疏散程序。地方政府應每年辦理防災演練，製作防災地圖公告周知，建立社區防災體系。預防勝於救災，平時準備為減災關鍵。
防災題,家庭防災的『緊急避難包』中，最重要的物品之一是？,現金及珠寶,換洗衣物及娛樂用品,飲用水及少量乾糧,C,緊急避難包最重要物品為飲用水及少量乾糧，確保災害初期維生需求。人類無水約3天、無食物約3週即有生命危險，飲水及食物為首要必需品。緊急避難包建議內容：飲用水（每人每日3公升）、乾糧或餅乾、急救用品、藥品、手電筒、收音機、電池、哨子、重要證件影本、現金、換洗衣物、禦寒衣物等。避難包應定期檢查更新，放置易取處，每人準備一個，確保災害時快速攜出。
防災題,在台灣，何種坡地災害最常由颱風或梅雨季的連續強降雨引發？,土壤液化,土石流,火山爆發,B,台灣坡地災害最常由颱風或梅雨季連續強降雨引發的為土石流。台灣山區坡度陡峭、地質脆弱、降雨集中，豪雨時雨水滲入土層，降低土壤抗剪強度，土石混合水流沿溪谷快速流下形成土石流。農業部水土保持署公告1700餘條土石流潛勢溪流，雨季時發布土石流警戒。土壤液化為地震時砂質土壤液化下陷，火山爆發台灣極少發生。土石流防災專線0800-246-246。
防災題,建築物的「消防安全設備」檢查及申報，應由誰來執行？,具有資格的消防設備師或消防設備士,建築物的所有權人或管理委員會,任何有經驗的水電工程人員,A,依消防法第9條規定，建築物消防安全設備檢查及申報應由具有資格的消防設備師或消防設備士執行。消防設備師、士、為專業證照人員，經國家考試及格取得資格，具備消防安全設備檢修專業能力。管理權人應定期委託消防設備師或士檢修消防安全設備（每年至少一次），並向消防機關申報檢修結果。確保消防設備正常運作，提升建築物消防安全。
防災題,何謂「災害潛勢地圖」(Hazard Map)？,能精準預測災害發生的確切時間和規模的預警資訊地圖,專供政府機關內部救災應變規劃使用的機密圖資文件,顯示特定區域可能發生何種災害、影響範圍及嚴重程度的地圖,C,災害潛勢地圖（Hazard Map）顯示特定區域可能發生何種災害（淹水、土石流、地震、海嘯等）、影響範圍及嚴重程度的地圖。災害潛勢地圖透過科學分析（地形、地質、水文、歷史災害等資料），評估災害發生可能性及影響程度，以圖資呈現供民眾查詢。國家災害防救科技中心（NCDR）提供災害潛勢地圖查詢系統，協助民眾了解居住地災害風險，作為防災整備及土地利用規劃參考。
防災題,在災害發生時，『避難收容所』的主要功能為何？,提供災民永久性的居住服務以及長期的就業輔導,提供災民短期、安全的臨時安置、飲食、醫療及物資供應,作為災後重建的工程指揮中心與大型建材集散地,B,避難收容所主要功能為提供災民短期、安全的臨時安置、飲食、醫療及物資供應。依災害防救法規定，地方政府應規劃避難收容所（學校、活動中心、廟宇等公共場所），災害時開設供民眾避難。避難收容所提供：安全住宿空間、飲食供應、盥洗設施、醫療服務、物資發放、心理輔導等。收容所應定期檢查維護，備妥民生物資，建立管理機制，確保災時快速開設運作。
防災題,依《消防法》，何種場所應設置火警自動警報設備？,供公眾使用建築物及經中央主管機關指定之場所,所有五層樓以下的非集合住宅類型建築物,專門存放各類危險化學物品的工業廠房,A,依消防法第6條及消防法施行細則規定，供公眾使用建築物及經中央主管機關指定之場所應設置火警自動警報設備。供公眾使用建築物包括：電影院、百貨公司、旅館、醫院、學校、補習班、餐廳、KTV、辦公大樓等不特定多數人出入場所。火警自動警報設備可早期偵測火災、發出警報，爭取逃生及滅火時間，為重要消防安全設備。場所應依規定設置並定期檢修。
防災題,台灣的「地震速報系統」(EEW)主要利用地震波的哪種特性來發布警報？,地震波的振幅大小,S波比P波傳遞速度快,P波比S波傳遞速度快,C,地震速報系統（EEW）主要利用P波（縱波）比S波（橫波）傳遞速度快的特性發布警報。P波速度約每秒6-7公里，S波約每秒3-4公里，兩者速度差產生時間差。EEW系統偵測到P波後立即分析震央位置、規模、預估各地震度，搶在破壞力強的S波到達前發布警報，爭取數秒至數十秒預警時間。中央氣象署地震測報中心負責發布，預估震度4級以上發送國家級警報，提醒民眾採「趴下、掩護、穩住」避難。
防災題,何謂「防洪牆」(Floodwall)？,主要功能為美化河岸景觀，對防洪沒有實質作用的裝飾性牆面,沿河岸或海岸線建造，用於阻擋洪水或潮水入侵的結構物,一種臨時性設施，在洪水來臨時搭建，洪水退去後立即拆除,B,防洪牆（Floodwall）為沿河岸或海岸線建造，用於阻擋洪水或潮水入侵的結構物。防洪牆通常為混凝土或鋼筋混凝土構造，高度依防洪需求設計，可阻擋河川洪水或海水倒灌，保護低窪地區免受淹水。台灣河川沿岸多設置防洪牆或堤防，結合抽水站、滯洪池等設施形成防洪系統。防洪牆需定期檢查維護，確保結構安全，避免洪水時潰堤造成災害。
防災題,在災害應變中，『黃金72小時』是指什麼？,災害發生後，受災者自救互救及等待外部救援的關鍵時間，此期間內生存機率最高,所有災害類型皆適用，指災後72小時內必定能尋獲所有失蹤者的定律,指災後72小時內，政府必須完成所有道路橋梁等基礎設施的修復工作,A,「黃金72小時」指災害發生後，受災者自救互救及等待外部救援的關鍵時間，此期間內生存機率最高。人體無水約可存活3天（72小時），黃金72小時內受困者生還機率最高，搜救行動最關鍵。此觀念源自地震救災經驗，時間越長生還機率越低。黃金72小時強調災害應變時效性，救災單位應把握時間全力搜救，民眾平時應學習自救互救技能，提升災害存活率。
防災題,何者為「坡地社區防災」的核心概念？,完全依賴政府的專業判斷與資源投入，居民無需參與防災規劃與決策,將防災設施完全外包給專業廠商，完工後便無需再進行後續的維護,透過社區居民的參與，共同建立防災意識、整備防災資源、規劃避難路線及演練,C,坡地社區防災核心概念為透過社區居民參與，共同建立防災意識、整備防災資源、規劃避難路線及演練。坡地社區面臨土石流、邊坡崩塌等災害威脅，需建立自主防災機制。社區防災推動由下而上，結合在地知識、培養防災士、建立預警及疏散機制、定期演練。災害防救深耕計畫鼓勵地方政府及社區自主推動防災，提升在地防災韌性。社區防災強調平時整備、災時自救互救，降低災害損失。
防災題,在颱風來臨前，家庭應準備的防災物資不包括下列何者？,手電筒、收音機及備用電池,大量現金及貴重珠寶,足夠的飲用水及乾糧,B,颱風來臨前家庭應準備防災物資包括：手電筒、收音機、備用電池（停電時使用）、足夠飲用水及乾糧（至少3天份）、急救用品、藥品、重要證件影本等維生及避難必需品。大量現金及貴重珠寶非防災必要物資，災害時保命優先。颱風防災準備重點：清理排水孔、固定門窗、修剪樹木、備妥物資、檢查避難路線、關注氣象資訊等。準備適量現金（提款機可能停電），但貴重物品應平時妥善保管。
防災題,何者為「防災公園」(Disaster Prevention Park)？,平時作為公園使用，災害發生時可轉化為臨時避難收容、物資集散或指揮調度功能的場所,專為防災目的而建造，平時不對外開放，供救災人員進行專業訓練的特殊場地,在公園內設置大量遊樂設施，以吸引民眾在災害發生時主動前往避難的娛樂場所,A,防災公園（Disaster Prevention Park）平時作為公園使用，災害發生時可轉化為臨時避難收容、物資集散或指揮調度功能的場所。防災公園具備：開放空間供避難、消防蓄水池、緊急廁所、發電設備、直升機停機坪、倉庫儲存物資等設施。台北市大安森林公園等多處公園規劃為防災公園，可容納大量避難民眾。防災公園提升都市防災韌性，為重要防災基礎設施。
防災題,依《災害防救法》，各級政府應多久檢討修正一次災害防救計畫？,每年,每三年,每二年,C,依災害防救法第22條、23條、27條規定，各級政府應每二年檢討修正一次災害防救計畫。包括：災害防救基本計畫（中央）、災害防救業務計畫（中央各部會）、地區災害防救計畫（地方政府）。定期檢討可依災害情勢變化、歷次災害經驗、計畫執行成效等進行修正，確保計畫與時俱進。災害防救計畫為災害應變及復原重建依據，應保持適切性及有效性。必要時可隨時檢討修正。
防災題,在緊急醫療救護中，何謂「檢傷分類」(Triage)？,依照病患抵達急診室的先後順序，來安排就醫看診的優先次序,根據傷患的傷勢嚴重程度和存活機會，決定其醫療處置的優先順序,主要目的是為病患分派至特定的專科，例如內科或外科進行治療,B,檢傷分類（Triage）指根據傷患傷勢嚴重程度和存活機會，決定其醫療處置優先順序的程序。大量傷患事件中醫療資源有限，需合理分配資源。檢傷分類將傷患分為：第一級（復甦急救，紅色）、第二級（緊急，黃色）、第三級（非緊急，綠色）、第四級（死亡或無生命跡象，黑色）。台灣採用START（Simple Triage And Rapid Treatment）系統。檢傷分類可提升救護效率，挽救最多生命。
防災題,核子事故發生時，民眾應服用「碘片」的時機為何？,經政府評估判斷有碘暴露風險，並指示服用時,在放射性碘釋放前24小時，自行預防性服用,用於預防所有種類的輻射傷害，而不限於放射性碘,A,核子事故發生時，民眾應服用碘片的時機為經政府評估判斷有碘暴露風險，並指示服用時。碘片（碘化鉀）可保護甲狀腺，阻止吸收放射性碘，但僅對放射性碘有效，且有服用時機及劑量限制，不應自行服用。原子能委員會依輻射監測數據評估風險，必要時指示核電廠周邊民眾服用。碘片應依政府指示服用，過早或過晚服用效果不佳，過量服用有副作用。核災防護應遵從政府指示。
防災題,何者為「防洪抽水站」的主要功能？,在電力負載高峰期進行放水發電，以調節區域電網的穩定,主要功能為淨化都市汙水，並將處理過的廢水回收再利用,在豪雨或颱風期間，將低窪地區的積水強制排出，以防止淹水,C,防洪抽水站主要功能為在豪雨或颱風期間，將低窪地區積水強制排出，以防止淹水。台灣地勢低窪地區遇豪雨時，內水無法自然排出，需靠抽水站將積水抽排至河川或海洋。抽水站配備大型抽水機組，可大量快速排水。都會區多設置抽水站，結合雨水下水道系統、滯洪池等防洪設施。抽水站需定期保養維護，確保豪雨時正常運作，為都市防洪重要基礎設施。
防災題,在坡地災害預防中，何謂「順向坡」？,坡向與岩層傾斜方向垂直的邊坡,坡向與岩層傾斜方向一致的邊坡,坡度平緩，不易發生災害的邊坡,B,順向坡指坡向與岩層傾斜方向一致的邊坡（兩者夾角20度以內）。順向坡較逆向坡（坡向與岩層傾斜方向相反）易發生崩塌。岩層受雨水侵蝕、風化作用或地震時，整個岩層易沿層面滑動，造成大規模災害。台灣順向坡多為砂岩與頁岩互層，差異侵蝕加上雨水降低摩擦力易致災。經濟部中央地質調查所公告山崩與地滑地質敏感區（順向坡）。順向坡傾角大於20度且有自由端者不得開發，需做好坡地穩定措施。
防災題,依《災害防救法》，何者為「災害防救基本計畫」的訂定機關？,行政院,內政部消防署,各地方政府,A,依災害防救法第17條規定，災害防救基本計畫由行政院訂定，為我國災害防救最上位計畫。基本計畫經行政院災害防救會報核定後實施，規定：災害防救基本方針、災害防救體系、災害預防、災害緊急應變、災後復原重建等事項。其他計畫需依基本計畫訂定，包括：災害防救業務計畫（中央各部會訂定）、地區災害防救計畫（地方政府訂定）。基本計畫應每二年檢討修正一次。
防災題,在地震防災中，何謂「隔震建築」(Seismic Isolation Building)？,透過增加建築物本身的剛性與強度來抵抗地震力，使其在地震中盡力保持不動,在建築物內部裝設大量吸能阻尼器，用以吸收地震能量，但無法減少結構變形,在建築物基礎與上部結構之間設置隔震裝置，以延長建築物週期，減少地震力傳遞,C,隔震建築（Seismic Isolation Building）在建築物基礎與上部結構之間設置隔震裝置（如橡膠支承墊、滑動支承等），延長建築物自然振動週期，使其與地震週期錯開，減少地震力傳遞至上部結構。相較於傳統耐震建築，隔震建築可降低80%以上地震力，有效保護建築物及內部設施。
防災題,何者為「海嘯預警系統」的主要組成部分？,由氣象衛星與雷達構成，專門預測颱風路徑與降雨量,包括海底地震儀、海嘯浮標、潮位站及通訊傳播系統,專門用於災後搜救與醫療資源調度的地面指揮系統,B,海嘯預警系統主要組成包括：海底地震儀（偵測海底地震）、海嘯浮標（偵測海嘯波）、潮位站（監測海平面變化）及通訊傳播系統（發布警報）。系統偵測到可能引發海嘯的地震後，分析震央位置、規模、深度，計算海嘯波到達時間及波高，發布海嘯警報。太平洋海嘯警報中心（PTWC）負責太平洋區域海嘯預警。中央氣象署負責台灣海嘯警報發布，爭取疏散時間保護沿海民眾。
防災題,在颱風防災中，何謂「滯洪池」(Detention Pond)？,在豪雨期間，暫時儲存多餘雨水，以減輕下游排水系統負擔的設施,主要目的是長期儲存水資源，以作為日常民生用水的穩定來源,能完全消除洪水災害，使下游地區永遠不會再發生淹水的設施,A,滯洪池（Detention Pond）在豪雨期間暫時儲存多餘雨水，以減輕下游排水系統負擔的設施。滯洪池透過調節洪峰流量，避免短時間大量雨水湧入河川造成淹水。滯洪池平時為公園、運動場等多功能使用，豪雨時蓄水，雨後緩慢排放。台灣都會區廣設滯洪池，如台北市大湖公園、新北市新店陽光運動公園等。滯洪池為低衝擊開發（LID）策略之一，兼具防洪及景觀功能。
防災題,依《災害防救法》，何者為「災害防救深耕計畫」的主要目的？,由中央政府統一規劃並執行所有地方的防災事務與工作,培訓專業救災人員並定期實施演練以提升災害應變處理之能力,鼓勵地方政府及社區自主推動防災工作，提升在地防災韌性,C,災害防救深耕計畫主要目的為鼓勵地方政府及社區自主推動防災工作，提升在地防災韌性。深耕計畫由消防署推動，協助地方政府建立防災體系，培育防災士，建構韌性社區。計畫重點：在地化災害潛勢調查、社區防災地圖製作、避難收容處所規劃、防災演練、防災士培訓等。深耕計畫強調由下而上、社區參與，結合在地知識建立自主防災能量。提升地方防災韌性為計畫核心目標。
防災題,在地震防災中，何謂「緊急避難包」(Emergency Kit)？,災害發生時，提供個人在避難初期(黃金72小時)所需基本維生物資的背包,主要用於建築物倒塌受困時，提供個人長時間等待救援使用的維生工具,內容物以貴重財物為主，方便個人在災後能迅速重建家園的財產保全包,A,緊急避難包（Emergency Kit）又稱防災包，內含災害發生後黃金72小時所需基本維生物資，包括：飲用水、食物、手電筒、收音機、電池、急救用品、藥品、重要證件影本、現金、禦寒衣物、哨子等。平時準備放於易取處，災害時可快速帶走，提高生存機率。
防災題,何者為「防洪閘門」(Floodgate)的主要功能？,主要功能為過濾河川中的雜質與污染物，以淨化下游的水質,在河川或排水系統中，用於控制水流、阻擋洪水入侵或調節水位,在枯水期儲存水資源，以作為農業灌溉或工業用水的穩定來源,B,防洪閘門（Floodgate）在河川或排水系統中，用於控制水流、阻擋洪水入侵或調節水位。防洪閘門可控制水流方向及流量，防止外水（河川、海水）倒灌進入排水系統或低窪地區。台灣河川出海口、排水幹線多設置防洪閘門，配合潮汐及雨量調節啟閉。颱風豪雨時關閉閘門防止海水倒灌，平時開啟排放內水。防洪閘門需定期檢查維護，確保洪水時正常運作。
防災題,在火災預防中，何謂「防火管理」？,主要著重於建築物內部消防設備的定期檢查與維護，確保其功能正常,要求場所投保足額的火災保險，以確保災後能夠獲得理賠的財務計畫,針對特定場所，由防火管理人負責規劃、執行及督導火災預防及應變措施,C,防火管理指針對特定場所，由防火管理人負責規劃、執行及督導火災預防及應變措施。依消防法第13條規定，一定規模以上供公眾使用建築物，應設置防火管理人，制定消防防護計畫。防火管理人職責：擬訂消防防護計畫、實施滅火通報訓練、辦理消防安全設備維護、實施防火避難設施自行檢查等。防火管理人需經訓練合格，提升場所消防安全管理，預防火災發生。
防災題,何者為「坡地災害預警系統」的主要組成部分？,包括雨量站、地表位移監測儀、地下水位觀測井及預警發布機制,專指災後進行的坡地復育與植被重建等水土保持工程,包含大型擋土牆或防護網等永久性的硬體防災工程,A,坡地災害預警系統主要組成包括：雨量站（監測累積雨量及雨量強度）、地表位移監測儀（監測邊坡變形）、地下水位觀測井（監測地下水位變化）及預警發布機制。系統透過多元監測數據，評估坡地災害（土石流、邊坡崩塌）發生可能性，達警戒基準時發布警報。農業部水土保持署建置土石流警戒系統，結合雨量監測及土石流潛勢分析發布警戒。即時監測及預警可爭取疏散時間，降低坡地災害損失。
防災題,依《災害防救法》，何者為「災害防救業務計畫」的訂定機關？,各直轄市、縣(市)政府,中央災害防救業務主管機關,各鄉(鎮、市、區)公所,B,依災害防救法第19條規定，災害防救業務計畫由中央災害防救業務主管機關訂定。各中央部會依業務權責訂定業務計畫，例如：內政部訂定風災、震災、火災業務計畫，經濟部訂定水災、旱災業務計畫，交通部訂定空難、海難業務計畫等。業務計畫需依災害防救基本計畫訂定，報中央災害防救會報核定。業務計畫規範該災害之預防、應變、復原重建措施。應每二年檢討修正一次。
防災題,在地震防災中，何謂「耐震補強」(Seismic Retrofitting)？,目標是讓建築物在地震中完全不會損壞，達到零毀損的標準,在建築物內部增加消防灑水與排煙設備，以提升火災安全性,對既有建築物進行結構性改造，以提升其抵抗地震力的能力,C,耐震補強（Seismic Retrofitting）指對既有老舊建築物進行結構性改造，提升抵抗地震力能力。補強方法包括：增設剪力牆、鋼板補強、碳纖維包覆柱樑、增設鋼骨斜撐等。依建築物耐震能力評估結果，選擇適當補強方式。台灣位於地震帶，老舊建築物應定期評估並補強，確保安全。
防災題,何者為「海嘯警報」的發布單位？,內政部消防署,中央氣象署,國防部,B,中央氣象署（原中央氣象局）為海嘯警報發布單位。依氣象預報警報統一發布辦法規定，中央氣象署負責發布氣象、地震、海嘯等警報。海嘯警報分為：海嘯警報（預估沿海地區海嘯波高達3公尺以上）、海嘯警訊（預估波高0.5-3公尺）。中央氣象署接獲太平洋海嘯警報中心資訊或偵測到可能引發海嘯的地震後，立即分析發布警報，提醒沿海民眾疏散至高處。
防災題,在防洪工程中，何謂「分洪道」(Diversion Channel)？,在河川洪水位高漲時，將部分洪水引導至其他河道或滯洪區，以減輕主河道負擔的工程,專門用於淨化河川水質，過濾其中汙染物與垃圾，並改善生態環境的天然水道,在枯水期儲存上游水資源，以作為下游農業灌溉或工業用水的補充水源,A,分洪道（Diversion Channel）指在河川洪水位高漲時，將部分洪水引導至其他河道或滯洪區，以減輕主河道負擔的工程。分洪道可分散洪峰流量，降低主河道水位，避免潰堤淹水。台灣重要分洪工程如：二重疏洪道（淡水河）、員山子分洪道（基隆河）等。分洪道平時為公園綠地使用，洪水時啟用分洪。分洪道為重要防洪設施，提升河川防洪能力，保護下游地區安全。
